"code","description_nl","name_en","name"
"01199","Teelt van andere eenjarige gewassen, n.e.g.",Cultivation of anual crops,Agriculture
"01309",Overige plantenvermeerdering,Other agriculture,Agriculture
"01410",Fokken en houden van melkvee,Cattle breeding,Agriculture
"01430",Fokken en houden van paarden en andere paardachtigen,Horse breeding,Agriculture
"01500",Gemengd landbouwbedrijf,Mixed Farming,Agriculture
"01620",Ondersteunende activiteiten in verband met de veeteelt,Supporting services or goods for agriculture,Agriculture
"01700","Jacht, zetten van vallen en diensten in verband met deze activiteiten",Hunting,Agriculture
"02100",Bosbouw en bosbouwactiviteiten,Other agriculture,Agriculture
"02200",Exploitatie van bossen,Other agriculture,Agriculture
"02300",Verzamelen van in het wild groeiende producten met uitzondering van hout,Other agriculture,Agriculture
"02400",Ondersteunende diensten in verband met de bosbouw,Other agriculture,Agriculture
"03210",Mariene aquacultuur,Other agriculture,Agriculture
"03220",Aquacultuur in zoet water,Other agriculture,Agriculture
"05100",Winning van steenkool,Mining of raw materials for chemistry & petrol,Chemistry & petrol
"05200",Winning van bruinkool,Mining of raw materials for chemistry & petrol,Chemistry & petrol
"06100",Winning van aardolie,Mining of raw materials for chemistry & petrol,Chemistry & petrol
"06200",Winning van aardgas,Mining of raw materials for chemistry & petrol,Chemistry & petrol
"07100",Winning van ijzererts,Mining of metals,Metallurgy
"07210",Winning van uranium- en thoriumerts,Mining of metals,Metallurgy
"07290",Winning van andere non-ferrometaalertsen,Mining of metals,Metallurgy
"08123",Winning van klei en kaolien,Mining & production of construction material,Construction
"08990","Overige winning van delfstoffen, n.e.g.",Mining of metals,Metallurgy
"09100",Ondersteunende activiteiten in verband met de aardolie- en aardgaswinning,Mining of raw materials for chemistry & petrol,Chemistry & petrol
RIZIV-20,Apotheker,Pharmacies,Pharmaceutics
"86951",Activiteiten op het gebied van kinesitherapie,Physiotherapists,Healthcare
RIZIV-10-S32,Acute geneeskunde,Specialist Medical Practice,Healthcare
RIZIV-68,Apotheker-bioloog,Other pharma,Pharmaceutics
"43410",Dakwerkzaamheden,Roofers,Construction
RIZIV-10-S01,Anesthesist,Specialist Medical Practice,Healthcare
RIZIV-10-S25,Klinisch bioloog,Specialist Medical Practice,Healthcare
RIZIV-10-S05,Plastisch chirurg,Specialist Medical Practice,Healthcare
"43213",Installatie van duurzame elektrische installaties,Renewable energy,Construction
RIZIV-10-S19,Cardioloog,Specialist Medical Practice,Healthcare
RIZIV-10-S08,Neus-keel-oorarts,Specialist Medical Practice,Healthcare
"43222","Installatie van verwarming, klimaatregeling, koeling en ventilatie  aangedreven door elektriciteit",Plumbers,Construction
RIZIV-10-S12,Dermatoloog,Specialist Medical Practice,Healthcare
RIZIV-10-S18,Pediater,Specialist Medical Practice,Healthcare
"41001",Algemene bouw van residentiële gebouwen,Ground works and shell construction,Construction
RIZIV-10-S24,Revalidatiearts - fysieke geneeskunde,Specialist Medical Practice,Healthcare
RIZIV-10-S31,Klinisch geneticus,Specialist Medical Practice,Healthcare
RIZIV-10-S16,Gastro-endoloog,Specialist Medical Practice,Healthcare
RIZIV-10-S13,Oncoloog,Specialist Medical Practice,Healthcare
RIZIV-10-S15,Pneumoloog,Specialist Medical Practice,Healthcare
RIZIV-10-S04,Geriater,Specialist Medical Practice,Healthcare
RIZIV-10-S06,Gynaecoloog,Specialist Medical Practice,Healthcare
RIZIV-10-S22,Psychiater,Specialist Medical Practice,Healthcare
RIZIV-10-S02,Heelkundige - chirurg,Specialist Medical Practice,Healthcare
RIZIV-10-S14,Inwendig geneeskundige,Specialist Medical Practice,Healthcare
RIZIV-10-S03,Neurochirurg,Specialist Medical Practice,Healthcare
RIZIV-10-S21,Neuroloog,Specialist Medical Practice,Healthcare
"01120",Teelt van rijst,Cultivation of anual crops,Agriculture
RIZIV-10-S20,Neuropsychiater,Specialist Medical Practice,Healthcare
RIZIV-10-S26,Patholoog,Specialist Medical Practice,Healthcare
RIZIV-10-S29,Nucleair geneeskundige,Specialist Medical Practice,Healthcare
RIZIV-10-S07,Oftalmoloog - oogarts,Specialist Medical Practice,Healthcare
RIZIV-10-S10,Orthopedist,Specialist Medical Practice,Healthcare
RIZIV-10-S28,Radiotherapist,Specialist Medical Practice,Healthcare
RIZIV-30-T07-gr,Orthodontenpraktijk,Orthodontists,Healthcare
RIZIV-30-T01,Tandarts,Dental Practices,Healthcare
"01140",Teelt van suikerriet,Cultivation of anual crops,Agriculture
RIZIV-10-S23,Reumatoloog,Specialist Medical Practice,Healthcare
RIZIV-66,Opticien,Optician,Healthcare
"01290",Teelt van andere meerjarige gewassen,Other agriculture,Agriculture
RIZIV-10-S2,Radioloog,Specialist Medical Practice,Healthcare
"08920",Winning van turf,Mining of raw materials for chemistry & petrol,Chemistry & petrol
RIZIV-10-S11,Stomatoloog,Specialist Medical Practice,Healthcare
RIZIV-30-T06-gr,Parodontenpraktijk,Periodonts,Healthcare
RIZIV-10-S30,Urgentiearts,Specialist Medical Practice,Healthcare
RIZIV-50,Kinesist,Physiotherapists,Healthcare
RIZIV-10-S09,Uroloog,Specialist Medical Practice,Healthcare
RIZIV-30-T07,Orthodont,Orthodontists,Healthcare
"86940",Activiteiten van verpleegkundigen en verloskundigen,Nurses,Healthcare
RIZIV-30-T06,Parodont,Periodonts,Healthcare
"51220",Ruimtevaart,Other transport & logistics,Transport & logistics
RIZIV-65,Ergotherapeut,Physiotherapists,Healthcare
"47742","Detailhandel in corrigerende brillen, lenzen en zonnebrillen",Optician,Healthcare
RIZIV-40,Vroedvrouw,Nurses,Healthcare
RIZIV-98,Pedagoog,Pedagogue,Healthcare
"87303",Instellingen met huisvesting voor minderjarigen met een lichamelijke handicap,Nursing institutions,Healthcare
"87209",Andere instellingen met huisvesting voor personen met een mentale handicap of psychiatrische problemen en voor drugs- en alcoholverslaafden,Nursing institutions,Healthcare
RIZIV-56,Diëtist,Dietitians,Healthcare
"86939",Andere activiteiten op het gebied van de geestelijke gezondheidszorg,Psychologists,Healthcare
"43320*","",Interior carpentry,Construction
"52100",Opslag,Warehousing,Transport & logistics
"43320_in",Binnenschrijnwerk,Interior carpentry,Construction
"43320_ex",Buitenschrijnwerk,Exterior carpentry,Construction
"32110",Slaan van munten,Other metallurgy,Metallurgy
"43910",Metselwerk,Ground works and shell construction,Construction
"46620",Groothandel in gereedschapswerktuigen,Professional electronical appliances,Electronics & Electrical goods
"01150",Teelt van tabak,Cultivation of anual crops,Agriculture
"01160",Teelt van vezelgewassen,Cultivation of anual crops,Agriculture
"01191",Teelt van bloemen,Cultivation of anual crops,Agriculture
"01210",Teelt van druiven,Cultivation of fruit and vegetables,Agriculture
"01110","Teelt van andere granen dan rijst, en van peulgewassen en oliehoudende zaden",Cultivation of anual crops,Agriculture
"01130","Teelt van groenten, meloenen en wortel- en knolgewassen",Cultivation of anual crops,Agriculture
"01220",Teelt van tropisch en subtropisch fruit,Cultivation of fruit and vegetables,Agriculture
"01230",Teelt van citrusvruchten,Cultivation of fruit and vegetables,Agriculture
"01240",Teelt van pit- en steenvruchten,Cultivation of fruit and vegetables,Agriculture
"01250","Teelt van andere boomvruchten, kleinfruit en noten",Cultivation of fruit and vegetables,Agriculture
"01260",Teelt van oliehoudende vruchten,Cultivation of fruit and vegetables,Agriculture
"01270",Teelt van gewassen bestemd voor de vervaardiging van dranken,Other agriculture,Agriculture
"01280",Teelt van specerijgewassen en van aromatische en medicinale gewassen,Other agriculture,Agriculture
"01301","Boomkwekerijen, m.u.v. bosboomkwekerijen",Other agriculture,Agriculture
"01420",Fokken en houden van andere runderen en buffels,Cattle breeding,Agriculture
"01440",Fokken en houden van kamelen en andere kameelachtigen,Cattle breeding,Agriculture
"01450",Fokken en houden van schapen en geiten,Cattle breeding,Agriculture
"01461",Fokvarkenshouderijen,Cattle breeding,Agriculture
"01462",Varkensvetmesterijen,Cattle breeding,Agriculture
"01471",Kippenkwekerijen,Cattle breeding,Agriculture
"01472",Productie van eieren van pluimvee,Cattle breeding,Agriculture
"01479","Pluimveehouderijen, m.u.v. kippenkwekerijen",Cattle breeding,Agriculture
"01480",Fokken en houden van andere dieren,Cattle breeding,Agriculture
"01610",Ondersteunende activiteiten in verband met de teelt van gewassen,Supporting services or goods for agriculture,Agriculture
"01630",Behandeling van gewassen na de oogst en van zaden voor vermeerdering,Supporting services or goods for agriculture,Agriculture
"03110",Zeevisserij,Fish processing,Food & beverages
"03120",Binnenvisserij,Fish processing,Food & beverages
"03300",Ondersteunende activiteiten voor visserij en aquacultuur,Fish processing,Food & beverages
"08111",Winning van sier- en bouwsteen,Mining & production of construction material,Construction
"08112","Winning van kalksteen, gips, leisteen en andere steen",Mining & production of construction material,Construction
"08121",Winning van grind,Mining & production of construction material,Construction
"08122",Winning van zand,Mining & production of construction material,Construction
"08910",Winning van mineralen voor de chemische en de kunstmestindustrie,Mining of raw materials for chemistry & petrol,Chemistry & petrol
"08930",Zoutwinning,Other food & beverages,Food & beverages
"09900",Ondersteunende activiteiten in verband met de overige winning van delfstoffen,Other chemical & petrol,Chemistry & petrol
"10111",Activiteiten van slachthuizen,Meat processing,Food & beverages
"10112",Activiteiten van uitsnijderijen,Meat processing,Food & beverages
"10113",Verwerking van afgeleide producten van vlees,Meat processing,Food & beverages
"10119","Overige verwerking en conservering van vlees, met uitzondering van vlees van gevogelte",Meat processing,Food & beverages
"10120",Verwerking en conservering van vlees van gevogelte,Meat processing,Food & beverages
"10130",Vervaardiging van producten van vlees of van vlees van gevogelte,Meat processing,Food & beverages
"10200",Verwerking en conservering van vis en van schaal- en weekdieren,Fish processing,Food & beverages
"16220",Vervaardiging van geassembleerde parketvloeren,Wood processing,Wood
"10311","Verwerking en conservering van aardappelen, exclusief productie van diepgevroren aardappelbereidingen",Fruit and vegetables processing,Food & beverages
"10312",Productie van diepgevroren aardappelbereidingen,Fruit and vegetables processing,Food & beverages
"10320",Vervaardiging van groente- en fruitsappen,Fruit and vegetables processing,Food & beverages
"10391","Verwerking en conservering van groenten, exclusief productie van diepgevroren groenten",Fruit and vegetables processing,Food & beverages
"10392","Verwerking en conservering van fruit, exclusief productie van diepgevroren fruit",Fruit and vegetables processing,Food & beverages
"10393",Productie van diepgevroren groenten en fruit,Fruit and vegetables processing,Food & beverages
"10410",Vervaardiging van oliën en vetten,Fruit and vegetables processing,Food & beverages
"10420",Vervaardiging van margarine en andere spijsvetten,Other food & beverages,Food & beverages
"10510",Vervaardiging van zuivelproducten,Dairy processing,Food & beverages
"10520",Vervaardiging van roomijs en ander consumptie-ijs,Dairy processing,Food & beverages
"10610",Vervaardiging van maalderijproducten,Other food & beverages,Food & beverages
"10620",Vervaardiging van zetmeel en zetmeelproducten,Other food & beverages,Food & beverages
"10711",Industriële vervaardiging van brood en van vers banketbakkerswerk,Bakeries,Food & beverages
"10712",Ambachtelijke vervaardiging van brood en van vers banketbakkerswerk,Bakeries,Food & beverages
"10720","Vervaardiging van beschuit, biscuit en houdbaar banketbakkerswerk",Bakeries,Food & beverages
"10730",Vervaardiging van deegwaren,Other food & beverages,Food & beverages
"10810",Vervaardiging van suiker,Other food & beverages,Food & beverages
"10820","Vervaardiging van cacao, chocolade en suikerwerk",Other food & beverages,Food & beverages
"10830",Verwerking van thee en koffie,Other food & beverages,Food & beverages
"10840","Vervaardiging van specerijen, sauzen en kruiderijen",Other food & beverages,Food & beverages
"10850",Vervaardiging van bereide maaltijden en schotels,Other food & beverages,Food & beverages
"10860",Vervaardiging van gehomogeniseerde voedingspreparaten en dieetvoeding,Other food & beverages,Food & beverages
"10890","Vervaardiging van andere voedingsmiddelen, n.e.g.",Other food & beverages,Food & beverages
"10910",Vervaardiging van veevoeders,Supporting services or goods for agriculture,Agriculture
"10920",Vervaardiging van voeders voor huisdieren,Animal food,Animal care
"11010","Vervaardiging van gedistilleerde dranken door distilleren, rectificeren en mengen",Beverages,Food & beverages
"11020",Vervaardiging van wijn uit druiven,Beverages,Food & beverages
"16230",Vervaardiging van ander schrijn- en timmerwerk,Wood processing,Wood
"11030",Vervaardiging van cider en andere gefermenteerde vruchtendranken,Beverages,Food & beverages
"11040",Vervaardiging van andere niet-gedistilleerde gegiste dranken,Beverages,Food & beverages
"11050",Vervaardiging van bier,Beverages,Food & beverages
"11060",Vervaardiging van mout,Beverages,Food & beverages
"11070",Vervaardiging van frisdranken en water in flessen,Beverages,Food & beverages
"12000",Vervaardiging van tabaksproducten,Other food & beverages,Food & beverages
"13100",Bewerken en spinnen van textielvezels,Textile production,Textile
"13200",Weven van textiel,Textile production,Textile
"13300",Textielveredeling,Textile production,Textile
"13910",Vervaardiging van gebreide en gehaakte stoffen,Textile production,Textile
"13921","Vervaardiging van beddengoed, tafellinnen en textielwaren voor huishoudelijk gebruik",Textile production,Textile
"13929","Vervaardiging van overige geconfectioneerde artikelen van textiel, m.u.v. kleding",Textile production,Textile
"13930",Vervaardiging van vloerkleden en tapijt,Textile production,Textile
"13940","Vervaardiging van koord, bindgaren, touw en netten",Textile production,Textile
"13950",Vervaardiging van ongeweven stoffen en artikelen van ongeweven stoffen,Textile production,Textile
"13960",Vervaardiging van ander technisch en industrieel textiel,Textile production,Textile
"13990","Vervaardiging van andere textielproducten, n.e.g.",Textile production,Textile
"14100",Vervaardiging van gebreide en gehaakte kleding,Production of cloths & shoes,Textile
"14210",Vervaardiging van bovenkleding,Production of cloths & shoes,Textile
"14220",Vervaardiging van onderkleding,Production of cloths & shoes,Textile
"14230",Vervaardiging van werkkleding,Production of cloths & shoes,Textile
"14240",Vervaardiging van kleding van leer en van bont,Production of cloths & shoes,Textile
"14291",Vervaardiging van hoeden en petten,Production of cloths & shoes,Textile
"14299","Vervaardiging van overige kleding en toebehoren, n.e.g.",Production of cloths & shoes,Textile
"15110","Looien, bereiden en verven van leder en bont",Production of cloths & shoes,Textile
"15120","Vervaardiging van koffers, tassen, zadel- en tuigmakerswerk van ongeacht welk materiaal",Production of cloths & shoes,Textile
"15200",Vervaardiging van schoeisel,Production of cloths & shoes,Textile
"16110",Zagen en schaven van hout,Wood processing,Wood
"16120",Verwerking en afwerking van hout,Wood processing,Wood
"16210",Vervaardiging van fineer en van panelen op basis van hout,Wood processing,Wood
"16240",Vervaardiging van houten emballage,Other wood activities,Wood
"16250",Vervaardiging van houten deuren en vensters,Wood processing,Wood
"16260",Vervaardiging van vaste brandstoffen uit plantaardige biomassa,Wood processing,Wood
"16270",Afwerking van houten producten,Wood processing,Wood
"16281",Vervaardiging van andere artikelen van hout,Wood processing,Wood
"16282","Vervaardiging van artikelen van kurk, riet of vlechtwerk",Other wood activities,Wood
"17110",Vervaardiging van papierpulp,Paper industry,Chemistry & petrol
"17120",Vervaardiging van papier en karton,Paper industry,Chemistry & petrol
"17210","Vervaardiging van gegolfd papier, golfkarton en verpakkingsmateriaal van papier en karton",Paper industry,Chemistry & petrol
"17220",Vervaardiging van huishoudelijke en sanitaire papierwaren,Paper industry,Chemistry & petrol
"17230",Vervaardiging van kantoorbenodigdheden van papier,Paper industry,Chemistry & petrol
"17240",Vervaardiging van behangpapier,Other interior decoration,Furniture & decoration
"17250",Vervaardiging van andere artikelen van papier of karton,Paper industry,Chemistry & petrol
"18110",Drukken van dagbladen,Newspapers & magazines,Media
"18120",Overige activiteiten op het gebied van drukwerk,Printing services,Marketing
"18130",Prepress- en premediadiensten,Printing services,Marketing
"18140",Activiteiten van binderijen en aanverwante diensten,Printing services,Marketing
"18200",Reproductie van opgenomen media,Other arts & events,Arts & events
"19100",Vervaardiging van cokesovenproducten,Mining of raw materials for chemistry & petrol,Chemistry & petrol
"19200",Vervaardiging van geraffineerde aardolieproducten en van producten uit fossiele brandstoffen,Other chemical & petrol,Chemistry & petrol
"20110",Vervaardiging van industriële gassen,Mining of raw materials for chemistry & petrol,Chemistry & petrol
"20120",Vervaardiging van kleurstoffen en pigmenten,Mining of raw materials for chemistry & petrol,Chemistry & petrol
"20130",Vervaardiging van andere anorganische chemische basisproducten,Mining of raw materials for chemistry & petrol,Chemistry & petrol
"20140",Vervaardiging van andere organische chemische basisproducten,Mining of raw materials for chemistry & petrol,Chemistry & petrol
"20150",Vervaardiging van kunstmeststoffen en stikstofverbindingen,Mining of raw materials for chemistry & petrol,Chemistry & petrol
"20160",Vervaardiging van kunststoffen in primaire vormen,Production & distribution of plastic material,Rubber & plastics
"20170",Vervaardiging van synthetische rubber in primaire vormen,Production & distribution of rubber material,Rubber & plastics
"20200","Vervaardiging van verdelgingsmiddelen, ontsmettingsmiddelen en andere chemische producten voor de landbouw",Mining of raw materials for chemistry & petrol,Chemistry & petrol
"20300","Vervaardiging van verf, vernis e.d., drukinkt en mastiek",Mining of raw materials for chemistry & petrol,Chemistry & petrol
"58110",Uitgeven van boeken,Publisher,Media
"20411",Vervaardiging van zeep en wasmiddelen,Mining of raw materials for chemistry & petrol,Chemistry & petrol
"20412",Vervaardiging van poets- en reinigingsmiddelen,Mining of raw materials for chemistry & petrol,Chemistry & petrol
"20420",Vervaardiging van parfums en toiletartikelen,Cosmetics,Luxury
"20510",Vervaardiging van vloeibare biobrandstoffen,Other chemical & petrol,Chemistry & petrol
"20590","Vervaardiging van andere chemische producten, n.e.g.",Mining of raw materials for chemistry & petrol,Chemistry & petrol
"20600",Vervaardiging van synthetische en kunstmatige vezels,Mining of raw materials for chemistry & petrol,Chemistry & petrol
"21100",Vervaardiging van farmaceutische grondstoffen,Production of pharmaceutics,Pharmaceutics
"21201",Vervaardiging van geneesmiddelen,Production of pharmaceutics,Pharmaceutics
"21209",Vervaardiging van overige farmaceutische producten,Production of pharmaceutics,Pharmaceutics
"22110",Vervaardiging en loopvlakvernieuwing van rubberbanden en vervaardiging van binnenbanden,Production & distribution of rubber material,Rubber & plastics
"22120",Vervaardiging van andere producten van rubber,Production & distribution of rubber material,Rubber & plastics
"22210","Vervaardiging van platen, vellen, buizen en profielen van kunststof",Production & distribution of plastic material,Rubber & plastics
"22220",Vervaardiging van verpakkingsmateriaal van kunststof,Production & distribution of plastic material,Rubber & plastics
"22230",Vervaardiging van deuren en vensters van kunststof,Production & distribution of plastic material,Rubber & plastics
"22240",Vervaardiging van kunststofartikelen voor de bouw,Production & distribution of plastic material,Rubber & plastics
"22250",Verwerking en afwerking van kunststofproducten,Production & distribution of plastic material,Rubber & plastics
"22260",Vervaardiging van andere producten van kunststof,Production & distribution of plastic material,Rubber & plastics
"23110",Vervaardiging van vlakglas,Mining & production of construction material,Construction
"23120",Vormen en bewerken van vlakglas,Mining & production of construction material,Construction
"23130",Vervaardiging van holglas,Mining & production of construction material,Construction
"23140",Vervaardiging van glasvezels,Mining & production of construction material,Construction
"23150","Vervaardiging en bewerking van overig glas, inclusief technisch glaswerk",Mining & production of construction material,Construction
"23200",Vervaardiging van vuurvaste producten,Mining & production of construction material,Construction
"23310",Vervaardiging van keramische tegels en plavuizen,Mining & production of construction material,Construction
"23321",Vervaardiging van bakstenen,Mining & production of construction material,Construction
"23322","Vervaardiging dakpannen, tegels en andere producten voor de bouw, van gebakken klei",Mining & production of construction material,Construction
"23410",Vervaardiging van huishoudelijk en sieraardewerk,Other interior decoration,Furniture & decoration
"23420",Vervaardiging van sanitair aardewerk,Mining & production of construction material,Construction
"23430","Vervaardiging van isolatoren en isolatiemateriaal, van keramische stoffen",Mining & production of construction material,Construction
"23440",Vervaardiging van ander technisch aardewerk,Mining & production of construction material,Construction
"23450",Vervaardiging van andere keramische producten,Mining & production of construction material,Construction
"23510",Vervaardiging van cement,Mining & production of construction material,Construction
"23520",Vervaardiging van kalk en gips,Mining & production of construction material,Construction
"23610",Vervaardiging van artikelen van beton voor de bouw,Mining & production of construction material,Construction
"23620",Vervaardiging van artikelen van gips voor de bouw,Mining & production of construction material,Construction
"23630",Vervaardiging van stortklare beton,Mining & production of construction material,Construction
"23640",Vervaardiging van mortel,Mining & production of construction material,Construction
"23650",Vervaardiging van producten van vezelcement,Mining & production of construction material,Construction
"23660","Vervaardiging van andere artikelen van beton, cement en gips",Mining & production of construction material,Construction
"23700","Houwen, bewerken en afwerken van natuursteen",Mining & production of construction material,Construction
"23910",Vervaardiging van schuurmiddelen,Mining & production of construction material,Construction
"23990","Vervaardiging van andere niet-metaalhoudende minerale producten, n.e.g.",Mining of raw materials for chemistry & petrol,Chemistry & petrol
"24100",Vervaardiging van ijzer en staal en van ferrolegeringen,Steel production,Metallurgy
"24200","Vervaardiging van buizen, pijpen, holle profielen en fittings daarvoor, van staal",Steel production,Metallurgy
"24310",Koudtrekken van staven,Steel production,Metallurgy
"24320",Koudwalsen van bandstaal,Steel production,Metallurgy
"24330",Koudvervormen of koudfelsen,Steel production,Metallurgy
"24340",Koudtrekken van draad,Steel production,Metallurgy
"24410",Productie van edelmetalen,Other metallurgy,Metallurgy
"24420",Productie van aluminium,Other metallurgy,Metallurgy
"24430","Productie van lood, zink en tin",Other metallurgy,Metallurgy
"24440",Productie van koper,Other metallurgy,Metallurgy
"24450",Productie van andere non-ferrometalen,Other metallurgy,Metallurgy
"24460",Bewerking van splijt- en kweekstoffen,Mining of raw materials for chemistry & petrol,Chemistry & petrol
"24510",Gieten van ijzer,Steel production,Metallurgy
"24520",Gieten van staal,Steel production,Metallurgy
"24530",Gieten van lichte metalen,Other metallurgy,Metallurgy
"24540",Gieten van andere non-ferrometalen,Other metallurgy,Metallurgy
"25110",Vervaardiging van metalen constructiewerken en delen daarvan,Steelworking,Metallurgy
"25120",Vervaardiging van metalen deuren en vensters,Steelworking,Metallurgy
"25210","Vervaardiging van radiatoren, stoomketels en ketels voor centrale verwarming",Technical systems in building,Construction
"58120",Uitgeven van kranten,Newspapers & magazines,Media
"25220","Vervaardiging van andere tanks, reservoirs en bergingsmiddelen, van metaal",Other industry,Industry
"25300",Vervaardiging van wapens en munitie,Other industry,Industry
"25401",Smeden van metaal,Steelworking,Metallurgy
"25402",Bewerken van metaal en poedermetallurgie,Steel production,Metallurgy
"25510",Coating van metalen,Steel production,Metallurgy
"25520",Warmtebehandeling van metaal,Steelworking,Metallurgy
"25530",Verspanend bewerken van metalen,Steelworking,Metallurgy
"25610","Vervaardiging van scharen, messen, bestekken enz.",Steelworking,Metallurgy
"25620",Vervaardiging van hang- en sluitwerk,Steelworking,Metallurgy
"25631",Vervaardiging van vormkasten en gietvormen,Steelworking,Metallurgy
"25639","Vervaardiging van gereedschap, m.u.v. vormkasten en gietvormen",Steelworking,Metallurgy
"25910",Vervaardiging van stalen vaten en dergelijke,Steelworking,Metallurgy
"25920",Vervaardiging van verpakkingsmiddelen van licht metaal,Other metallurgy,Metallurgy
"25930",Vervaardiging van artikelen van draad en van kettingen en veren,Steelworking,Metallurgy
"25940","Vervaardiging van bouten, schroeven en moeren",Steelworking,Metallurgy
"25991",Vervaardiging van huishoudelijke en sanitaire producten van metaal,Steelworking,Metallurgy
"25999","Vervaardiging van overige producten van metaal, n.e.g.",Steelworking,Metallurgy
"26110",Vervaardiging van elektronische onderdelen,Other electronics,Electronics & Electrical goods
"26120",Vervaardiging van elektronische printplaten,Other electronics,Electronics & Electrical goods
"26200",Vervaardiging van computers en randapparatuur,Other electronics,Electronics & Electrical goods
"26300",Vervaardiging van communicatieapparatuur,Other electronics,Electronics & Electrical goods
"26400",Vervaardiging van consumentenelektronica,Consumer electronical appliances,Electronics & Electrical goods
"26510","Vervaardiging van meet-, controle- en navigatie-instrumenten en -apparatuur",Professional electronical appliances,Electronics & Electrical goods
"26520",Vervaardiging van klokken en horloges,Jewelry,Luxury
"26600",Vervaardiging van bestralingsapparatuur en van elektromedische en elektrotherapeutische apparatuur,Medical appliances,Healthcare
"26700","Vervaardiging van optische instrumenten, magnetische en optische dragers en fotografische apparatuur",Consumer electronical appliances,Electronics & Electrical goods
"27110",Vervaardiging van elektromotoren en van elektrische generatoren en transformatoren,Professional electronical appliances,Electronics & Electrical goods
"27120",Vervaardiging van schakel- en verdeelinrichtingen,Professional electronical appliances,Electronics & Electrical goods
"27200",Vervaardiging van batterijen en accumulatoren,Other electronics,Electronics & Electrical goods
"27310",Vervaardiging van kabels van optische vezels,Electrical installation goods,Electronics & Electrical goods
"27320",Vervaardiging van andere elektrische en elektronische draden en kabels,Electrical installation goods,Electronics & Electrical goods
"27330",Vervaardiging van onderdelen van elektrische installaties,Electrical installation goods,Electronics & Electrical goods
"27401",Vervaardiging van lampen,Lighting,Electronics & Electrical goods
"27402",Vervaardiging van verlichtingsapparaten,Lighting,Electronics & Electrical goods
"27510",Vervaardiging van elektrische huishoudapparaten,Consumer electronical appliances,Electronics & Electrical goods
"27520",Vervaardiging van niet-elektrische huishoudapparaten,Other,Other
"27900",Vervaardiging van andere elektrische apparatuur,Consumer electronical appliances,Electronics & Electrical goods
"28110","Vervaardiging van motoren en turbines, exclusief motoren voor luchtvaartuigen, motorvoertuigen en bromfietsen",Production of industrial machinery,Industry
"28120",Vervaardiging van hydraulische en pneumatische apparatuur,Production of industrial machinery,Industry
"28130",Vervaardiging van andere pompen en compressoren,Professional electronical appliances,Electronics & Electrical goods
"28140",Vervaardiging van andere kranen en dergelijke artikelen,Production of industrial machinery,Industry
"28150","Vervaardiging van tandwielen, lagers en andere drijfwerkelementen",Production of industrial machinery,Industry
"28210",Vervaardiging van ovens en permanente verwarmingstoestellen voor huishoudelijk gebruik,Production of industrial machinery,Industry
"28220","Vervaardiging van hijs-, hef- en transportwerktuigen",Production of vehicles,Automotive
"28230",Vervaardiging van kantoormachines en -uitrusting (exclusief computers en randapparatuur),Professional electronical appliances,Electronics & Electrical goods
"28240",Vervaardiging van elektrisch handgereedschap,Professional electronical appliances,Electronics & Electrical goods
"28250","Vervaardiging van machines en apparaten voor klimaatregeling, voor niet-huishoudelijk gebruik",Professional electronical appliances,Electronics & Electrical goods
"28291",Vervaardiging van verpakkingsmachines,Production of industrial machinery,Industry
"28292",Vervaardiging van weegtoestellen,Production of industrial machinery,Industry
"28293","Vervaardiging van toestellen voor het spuiten van vloeistoffen of poeder, inclusief brandblusapparaten",Production of industrial machinery,Industry
"28294",Vervaardiging van verkoopautomaten,Production of industrial machinery,Industry
"28295",Vervaardiging van filtreertoestellen,Production of industrial machinery,Industry
"28296","Vervaardiging van hogedrukreinigers, zandstraalapparaten en dergelijk reinigingsmateriaal",Production of industrial machinery,Industry
"28299","Vervaardiging van overige machines en apparaten voor algemeen gebruik, n.e.g.",Other,Other
"28300",Vervaardiging van machines voor de landbouw en de bosbouw,Supporting services or goods for agriculture,Agriculture
"28410",Vervaardiging van niet-verspanende machines voor de metaalbewerking en van gereedschapswerktuigen voor metaalbewerking,Production of industrial machinery,Industry
"28420",Vervaardiging van andere gereedschapswerktuigen,Production of industrial machinery,Industry
"28910",Vervaardiging van machines voor de metallurgie,Production of industrial machinery,Industry
"28920",Vervaardiging van machines voor de winning van delfstoffen en voor de bouw,Production of industrial machinery,Industry
"28930",Vervaardiging van machines voor de productie van voedings- en genotmiddelen,Production of industrial machinery,Industry
"28940","Vervaardiging van machines voor de productie van textiel, kleding en leer",Production of industrial machinery,Industry
"28950",Vervaardiging van machines voor de productie van papier en karton,Production of industrial machinery,Industry
"28960",Vervaardiging van machines voor de kunststof- en rubberindustrie,Production of industrial machinery,Industry
"28970",Vervaardiging van machines voor additieve productie,Production of industrial machinery,Industry
"28990",Vervaardiging van andere machines voor specifieke doeleinden n.e.g.,Production of industrial machinery,Industry
"29100",Vervaardiging van motorvoertuigen,Production of vehicles,Automotive
"29201",Vervaardiging van carrosserieën voor motorvoertuigen,Production of vehicles,Automotive
"29202","Vervaardiging van aanhangwagens, opleggers en caravans",Production of vehicles,Automotive
"29310",Vervaardiging van elektrische en elektronische benodigdheden voor motorvoertuigen,Production of vehicles,Automotive
"29320",Vervaardiging van andere delen en toebehoren voor motorvoertuigen,Production of vehicles,Automotive
"30110",Bouw van civiele schepen en drijvend materieel,Other transport & logistics,Transport & logistics
"30120",Bouw van plezier- en sportvaartuigen,Other transport & logistics,Transport & logistics
"30130",Bouw van militaire schepen en vaartuigen,Other transport & logistics,Transport & logistics
"30200",Vervaardiging van locomotieven en ander rollend materieel voor spoorwegen,Other transport & logistics,Transport & logistics
"30310",Vervaardiging van civiele lucht- en ruimtevaartuigen en van toestellen in verband daarmee,Other transport & logistics,Transport & logistics
"30320",Vervaardiging van militaire lucht- en ruimtevaartuigen en van toestellen in verband daarmee,Other transport & logistics,Transport & logistics
"30400",Vervaardiging van militaire gevechtsvoertuigen,Production of vehicles,Automotive
"30910",Vervaardiging van motorfietsen,Production of vehicles,Automotive
"30920",Vervaardiging van fietsen en invalidenwagens,Production of vehicles,Automotive
"30990","Vervaardiging van andere transportmiddelen, n.e.g.",Production of vehicles,Automotive
"31001",Vervaardiging van kantoor- en winkelmeubelen,Furniture production & repair,Furniture & decoration
"31002",Vervaardiging van keukenmeubelen,Furniture production & repair,Furniture & decoration
"31003",Vervaardiging van matrassen,Furniture production & repair,Furniture & decoration
"31004","Vervaardiging van eetkamer-, zitkamer-, slaapkamer- en badkamermeubelen",Furniture production & repair,Furniture & decoration
"31009","Vervaardiging van andere meubelen, n.e.g.",Furniture production & repair,Furniture & decoration
"32121",Bewerken van diamant,Diamond trade & processing,Luxury
"32122",Bewerken van edelstenen (m.u.v. diamant) en van halfedelstenen,Jewelry,Luxury
"32123",Vervaardiging van sieraden,Jewelry,Luxury
"32124",Vervaardiging van edelsmeedwerk,Jewelry,Luxury
"32129","Vervaardiging van overige artikelen van edele metalen, n.e.g.",Jewelry,Luxury
"32130",Vervaardiging van imitatiesieraden en dergelijke artikelen,Jewelry,Luxury
"32200",Vervaardiging van muziekinstrumenten,Other arts & events,Arts & events
"32300",Vervaardiging van sportartikelen,"Production, retail and rental of sports material",Sports
"32400",Vervaardiging van spellen en speelgoed,"Retail, rental & repair of electronic consumer appliances",Retail
"32500",Vervaardiging van medische en tandheelkundige instrumenten en benodigdheden,Medical appliances,Healthcare
"32910",Vervaardiging van borstelwaren,Other,Other
"32990","Overige industrie, n.e.g.",Other industry,Industry
"33110",Reparatie en onderhoud van producten van metaal,Steelworking,Metallurgy
"33120",Reparatie en onderhoud van machines,Installation & maintenance of industrial machinery,Industry
"33130",Reparatie en onderhoud van elektronische en optische apparatuur,Other electronics,Electronics & Electrical goods
"33140",Reparatie en onderhoud van elektrische apparatuur,Other electronics,Electronics & Electrical goods
"33150",Reparatie en onderhoud van civiele schepen,Other transport & logistics,Transport & logistics
"33160",Reparatie en onderhoud van civiele lucht- en ruimtevaartuigen,Other transport & logistics,Transport & logistics
"33170",Reparatie en onderhoud van andere civiele transportmiddelen,Other transport & logistics,Transport & logistics
"33180","Reparatie en onderhoud van militaire gevechtsvoertuigen, schepen, lucht- en ruimtevaartuigen",Other transport & logistics,Transport & logistics
"33190",Reparatie en onderhoud van andere apparatuur,Other,Other
"33200","Installatie van industriële machines, toestellen en werktuigen",Installation & maintenance of industrial machinery,Industry
"35110",Productie van elektriciteit uit niet-hernieuwbare bronnen,Electricity production & distribution,Utility
"35120",Productie van elektriciteit uit hernieuwbare bronnen,Electricity production & distribution,Utility
"35130",Transmissie van elektriciteit,Electricity production & distribution,Utility
"35140",Distributie van elektriciteit,Electricity production & distribution,Utility
"35150",Handel in elektriciteit,Electricity production & distribution,Utility
"35160",Opslag van elektriciteit,Electricity production & distribution,Utility
"35210",Productie van gas,Gas production & distribution,Utility
"35220",Distributie van gasvormige brandstoffen via leidingen,Gas production & distribution,Utility
"35230",Handel in gas via leidingen,Gas production & distribution,Utility
"35240",Opslag van gas als onderdeel van netwerkleveringsdiensten,Gas production & distribution,Utility
"35300",Productie en distributie van stoom en gekoelde lucht,Other utility,Utility
"35400",Activiteiten van makelaars en agenten voor elektriciteit en aardgas,Electricity production & distribution,Utility
"36000","Winning, behandeling en distributie van water",Water distribution,Utility
"37000",Afvalwaterafvoer,Waste management,Utility
"38110",Inzameling van ongevaarlijk afval,Waste management,Utility
"38120",Inzameling van gevaarlijk afval,Waste management,Utility
"38210",Terugwinning van materialen uit afval,Waste management,Utility
"38220",Winning van energie uit afval,Waste management,Utility
"38230",Andere terugwinning uit afval,Waste management,Utility
"38310",Verbranding zonder energieterugwinning,Waste management,Utility
"38320",Storten of permanent opslaan,Waste management,Utility
"38330",Andere afvalverwijdering,Waste management,Utility
"39000",Sanering en ander afvalbeheer,Waste management,Utility
"42110",Bouw van autowegen en andere wegen,Infrastructure works,Construction
"42120",Bouw van boven- en ondergrondse spoorwegen,Infrastructure works,Construction
"42130",Bouw van bruggen en tunnels,Infrastructure works,Construction
"42211",Bouw van water- en gasdistributienetten,Infrastructure works,Construction
"42212",Bouw van rioleringen,Infrastructure works,Construction
"42219","Bouw van civieltechnische werken voor vloeistoffen, n.e.g.",Infrastructure works,Construction
"41002",Algemene bouw van kantoorgebouwen,Ground works and shell construction,Construction
"41003",Algemene bouw van andere niet-residentiële gebouwen,Ground works and shell construction,Construction
"42220",Bouw van civieltechnische werken voor elektriciteit en telecommunicatie,Infrastructure works,Construction
"42911",Baggerwerken,Infrastructure works,Construction
"42919","Waterbouw, m.u.v. baggerwerken",Infrastructure works,Construction
"42990","Bouw van andere civieltechnische werken, n.e.g.",Infrastructure works,Construction
"43110",Slopen,General Construction,Construction
"43130",Proefboren en boren,Other construction,Construction
"43212",Elektrotechnische installatiewerken van nijverheidsinrichtingen,Technical systems in building,Construction
"43214",Installatie van elektronische beveiligingssystemen,Technical systems in building,Construction
"43230",Installatie van isolatie,General Construction,Construction
"43240",Overige bouwinstallatie,Technical systems in building,Construction
"43331",Plaatsen van vloer- en wandtegels,Construction Finishing,Construction
"43332",Plaatsen van vloerbedekking en wandbekleding van hout,Construction Finishing,Construction
"43333",Plaatsen van behang en vloerbedekking en wandbekleding van andere materialen,Construction Finishing,Construction
"43350",Overige werkzaamheden in verband met de afwerking van gebouwen,Construction Finishing,Construction
"43421",Waterdichtingswerken van muren,Other construction,Construction
"43422",Chapewerken,Construction Finishing,Construction
"43429","Overige gespecialiseerde bouwactiviteiten in de constructie van gebouwen, n.e.g.",Other construction,Construction
"43500",Gespecialiseerde bouwactiviteiten op het gebied van weg- en waterbouw,Infrastructure works,Construction
"46460",Groothandel in farmaceutische en medische artikelen,Wholesale of pharmaceutics,Pharmaceutics
"43120",Bouwrijp maken van terreinen,Ground works and shell construction,Construction
"43211",Algemene elektrotechnische installatiewerken,Electricians,Construction
"43223","Installatie van verwarming, klimaatregeling, koeling en ventilatie aangedreven door andere energiebronnen dan elektriciteit",Plumbers,Construction
"43221",Sanitaire werkzaamheden,Plumbers,Construction
"43343",Glaszetten,Exterior carpentry,Construction
"43320",Schrijnwerk,Interior carpentry,Construction
"43310",Stukadoorswerk,Pasterers,Construction
"43341",Schilderen van gebouwen,Painters,Construction
"43342",Schilderen van civieltechnische werken,Painters,Construction
"43600",Bemiddelingsactiviteiten in verband met gespecialiseerde bouwnijverheid,Other retail,Retail
"43990","Overige gespecialiseerde bouwactiviteiten, n.e.g.",Construction maintenance,Construction
"46110","Handelsbemiddeling in de groothandel in landbouwgrondstoffen, levende dieren en textielgrondstoffen en halffabricaten",Trade of agricultural products,Agriculture
"46120","Handelsbemiddeling in de groothandel in brandstoffen, ertsen, metalen en chemische producten",Trade in chemical products,Chemistry & petrol
"46130",Handelsbemiddeling in de groothandel in hout en bouwmaterialen,Wholesale of construction material,Construction
"46140","Handelsbemiddeling in de groothandel in machines, apparaten en werktuigen voor de industrie en in schepen en luchtvaartuigen",Wholesale of industrial machinery,Industry
"46150","Handelsbemiddeling in de groothandel in meubelen, huishoudelijke artikelen en ijzerwaren",Other retail,Retail
"46160","Handelsbemiddeling in de groothandel in textiel, kleding, bont, schoeisel en lederwaren",Wholesale of textile & textile products,Textile
"46170",Handelsbemiddeling in de groothandel in voedings- en genotmiddelen,Food & beverages trade & wholesale,Food & beverages
"46180",Handelsbemiddeling in de groothandel in andere specifieke goederen,Retail & maintenance of vehicles,Automotive
"46190",Handelsbemiddeling in de niet-gespecialiseerde groothandel,Other retail,Retail
"46211",Groothandel in granen en zaden,Supporting services or goods for agriculture,Agriculture
"46212",Groothandel in veevoeders,Supporting services or goods for agriculture,Agriculture
"46213",Groothandel in ruwe plantaardige en dierlijke oliën en vetten,Trade of agricultural products,Agriculture
"46214",Groothandel in andere akkerbouwproducten,Trade of agricultural products,Agriculture
"46215",Groothandel in ruwe tabak,Trade of agricultural products,Agriculture
"46216","Groothandel in akkerbouwproducten en veevoeders, algemeen assortiment",Supporting services or goods for agriculture,Agriculture
"46220",Groothandel in bloemen en planten,Trade of agricultural products,Agriculture
"46231",Groothandel in levend vee,Trade of agricultural products,Agriculture
"46232","Groothandel in levende dieren, m.u.v. levend vee",Trade of agricultural products,Agriculture
"46240","Groothandel in huiden, vellen en leer",Trade of agricultural products,Agriculture
"46311",Groothandel in consumptieaardappelen,Trade of agricultural products,Agriculture
"46471",Groothandel in huismeubilair,Furniture wholesale & retail,Furniture & decoration
"46319","Groothandel in groenten en fruit, m.u.v. consumptieaardappelen",Food & beverages trade & wholesale,Food & beverages
"46321","Groothandel in vlees en vleesproducten, uitgezonderd vlees van wild en van gevogelte",Food & beverages trade & wholesale,Food & beverages
"46322",Groothandel in vlees van wild en van gevogelte,Food & beverages trade & wholesale,Food & beverages
"46323",Groothandel in vis en schaal- en weekdieren,Food & beverages trade & wholesale,Food & beverages
"46331",Groothandel in zuivelproducten en eieren,Food & beverages trade & wholesale,Food & beverages
"46332",Groothandel in spijsoliën en -vetten,Food & beverages trade & wholesale,Food & beverages
"46341",Groothandel in wijnen en geestrijke dranken,Food & beverages trade & wholesale,Food & beverages
"46349","Groothandel in dranken, algemeen assortiment",Food & beverages trade & wholesale,Food & beverages
"46350",Groothandel in tabaksproducten,Food & beverages trade & wholesale,Food & beverages
"46360","Groothandel in suiker, chocolade en suikerwerk",Food & beverages trade & wholesale,Food & beverages
"46370","Groothandel in koffie, thee, cacao en specerijen",Food & beverages trade & wholesale,Food & beverages
"46381",Groothandel in aardappelproducten,Food & beverages trade & wholesale,Food & beverages
"46382",Groothandel in voedsel voor huisdieren,Animal food,Animal care
"46389","Groothandel in andere voedingsmiddelen, n.e.g.",Food & beverages trade & wholesale,Food & beverages
"46391",Niet-gespecialiseerde groothandel in diepgevroren voedingsmiddelen,Food & beverages trade & wholesale,Food & beverages
"46392","Niet-gespecialiseerde groothandel in niet-diepgevroren voedingsmiddelen, dranken en genotmiddelen",Food & beverages trade & wholesale,Food & beverages
"46411","Groothandel in weefsels, stoffen en fournituren",Wholesale of textile & textile products,Textile
"46412",Groothandel in huishoudtextiel en beddengoed,Wholesale of textile & textile products,Textile
"46419",Groothandel in overig textiel,Wholesale of textile & textile products,Textile
"46421",Groothandel in werkkleding,Wholesale of textile & textile products,Textile
"46422",Groothandel in onderkleding,Wholesale of textile & textile products,Textile
"46423","Groothandel in kleding, met uitzondering van werk- en onderkleding",Wholesale of textile & textile products,Textile
"46424",Groothandel in kledingaccessoires,Wholesale of textile & textile products,Textile
"46425",Groothandel in schoeisel,Wholesale of textile & textile products,Textile
"46431",Groothandel in elektrische huishoudelijke apparaten en audio- en videoapparatuur,"Retail, rental & repair of electronic consumer appliances",Retail
"46432",Groothandel in foto- en filmapparatuur en in andere optische artikelen,Other electronics,Electronics & Electrical goods
"46441",Groothandel in porselein en glaswerk,Other interior decoration,Furniture & decoration
"46442",Groothandel in reinigingsmiddelen,Wholesale,Other
"46450",Groothandel in parfumerieën en cosmetica,Cosmetics,Luxury
"51210",Goederenvervoer door de lucht,Other transport & logistics,Transport & logistics
"46472",Groothandel in kantoor- en winkelmeubelen,Furniture wholesale & retail,Furniture & decoration
"46473",Groothandel in tapijten,Other interior decoration,Furniture & decoration
"46474",Groothandel in verlichtingsapparatuur,Lighting,Electronics & Electrical goods
"46480",Groothandel in uurwerken en sieraden,Jewelry,Luxury
"46491","Groothandel in kranten, boeken en tijdschriften",Newspapers & magazines,Media
"46492",Groothandel in kantoor- en schoolbenodigdheden,Office supplies,Business services
"46493",Groothandel in papier- en kartonwaren,Paper industry,Chemistry & petrol
"46494",Groothandel in niet-elektrische huishoudelijke artikelen,Wholesale,Other
"46495",Groothandel in fietsen,"Production, retail and rental of sports material",Sports
"46496","Groothandel in sport- en kampeerartikelen, met uitzondering van fietsen","Production, retail and rental of sports material",Sports
"46497",Groothandel in spellen en speelgoed,Other retail,Retail
"46498",Groothandel in lederwaren en reisartikelen,Wholesale of textile & textile products,Textile
"46499","Groothandel in andere consumentenartikelen, n.e.g.",Other electronics,Electronics & Electrical goods
"46500",Groothandel in informatie- en communicatieapparatuur,"Retail, repair and maintenance of ICT equipment",ICT
"46610","Groothandel in machines, werktuigen en toebehoren voor de landbouw",Supporting services or goods for agriculture,Agriculture
"46630","Groothandel in machines voor de mijnbouw, de bouwnijverheid en de weg- en waterbouw",Wholesale of industrial machinery,Industry
"46641",Groothandel in machines voor de productie van voedings- en genotmiddelen,Wholesale of industrial machinery,Industry
"46642",Groothandel in verpakkingsmachines en weegtoestellen,Wholesale of industrial machinery,Industry
"46643","Groothandel in elektrisch materiaal, inclusief installatiemateriaal",Electrical installation goods,Electronics & Electrical goods
"46644","Groothandel in hijs-, hef- en transportwerktuigen",Wholesale of industrial machinery,Industry
"46645",Groothandel in pompen en compressoren,Wholesale of industrial machinery,Industry
"46646","Groothandel in meet-, controle- en navigatieinstrumenten",Wholesale of industrial machinery,Industry
"46647","Groothandel in machines en apparaten voor de warmte-, koel- en vriestechniek voor industrieel gebruik",Technical systems in building,Construction
"46648",Groothandel in machines voor de textielindustrie en in naai- en breimachines,Wholesale of industrial machinery,Industry
"46649","Groothandel in andere machines en werktuigen, n.e.g.",Wholesale of industrial machinery,Industry
"46711","Groothandel in auto's en lichte bestelwagens (<= 3,5 ton)",Retail & maintenance of vehicles,Automotive
"46712","Groothandel in andere motorvoertuigen (> 3,5 ton)",Retail & maintenance of vehicles,Automotive
"46713","Groothandel in aanhangwagens, opleggers en caravans",Retail & maintenance of vehicles,Automotive
"46720",Groothandel in delen en toebehoren van motorvoertuigen,Technical vehicle maintenance,Automotive
"46730","Groothandel in motorfietsen, delen en toebehoren van motorfietsen",Retail & maintenance of vehicles,Automotive
"46810","Groothandel in vaste, vloeibare en gasvormige brandstoffen en aanverwante producten",Trade in petrol products,Chemistry & petrol
"46820",Groothandel in metalen en metaalertsen,Other metallurgy,Metallurgy
"46831","Groothandel in bouwmaterialen, algemeen assortiment",Wholesale of construction material,Construction
"46832",Groothandel in hout,Wholesale of wood,Wood
"46833","Groothandel in behang, verf en woningtextiel",Other interior decoration,Furniture & decoration
"46834",Groothandel in vlakglas,Wholesale of construction material,Construction
"46835",Groothandel in vloer- en wandtegels,Wholesale of construction material,Construction
"46836",Groothandel in sanitair,Wholesale of construction material,Construction
"46839",Groothandel in overige bouwmaterialen,Wholesale of construction material,Construction
"46841",Groothandel in ijzerwaren,Wholesale of construction material,Construction
"46842",Groothandel in installatiemateriaal voor loodgieterswerk en verwarming,Wholesale of construction material,Construction
"46851",Groothandel in chemische producten voor industrieel gebruik,Trade in chemical products,Chemistry & petrol
"46852",Groothandel in kunstmeststoffen en andere agrochemische producten,Supporting services or goods for agriculture,Agriculture
"46861",Groothandel in diamant en andere edelstenen,Diamond trade & processing,Luxury
"46869","Groothandel in andere intermediaire producten, n.e.g.",Wholesale,Other
"46871",Groothandel in autosloopmateriaal,Other automotive,Automotive
"46872",Groothandel in ijzer- en staalschroot en in oude non-ferrometalen,Metal recycling & scrap,Metallurgy
"46879","Groothandel in afval en schroot, n.e.g.",Waste management,Utility
"46890","Overige gespecialiseerde groothandel, n.e.g.",Wholesale,Other
"46900",Niet-gespecialiseerde groothandel,Wholesale,Other
"47110",Niet-gespecialiseerde detailhandel waarbij voedings- en genotmiddelen overheersen,Supermarkets & groceries,Retail
"47120",Overige niet-gespecialiseerde detailhandel,Other retail,Retail
"47210",Detailhandel in groenten en fruit,Supermarkets & groceries,Retail
"47221","Detailhandel in vlees en vleesproducten, m.u.v. vlees van wild en van gevogelte",Meat processing,Food & beverages
"47222",Detailhandel in vlees van wild en van gevogelte,Meat processing,Food & beverages
"47230",Detailhandel in vis en schaal- en weekdieren,Other food & beverages,Food & beverages
"47241",Detailhandel in brood en banketbakkerswerk (koude bakkers),Bakeries,Food & beverages
"47242",Detailhandel in chocolade en suikerwerk,Bakeries,Food & beverages
"47251",Detailhandel in wijnen en geestrijke dranken,Beverages,Food & beverages
"47252","Detailhandel in dranken, algemeen assortiment",Beverages,Food & beverages
"47260",Detailhandel in tabaksproducten,Other retail,Retail
"47271",Detailhandel in zuivelproducten en eieren,Supermarkets & groceries,Retail
"47279","Overige detailhandel in voedingsmiddelen, n.e.g.",Supermarkets & groceries,Retail
"47300",Detailhandel in motorbrandstoffen,Trade in petrol products,Chemistry & petrol
"47400",Detailhandel in ICT-apparatuur,"Retail, repair and maintenance of ICT equipment",ICT
"47511",Detailhandel in kledingstoffen,"Retail of shoes, cloths & accessories",Retail
"47512",Detailhandel in huishoudtextiel en beddengoed,Other retail,Retail
"47513","Detailhandel in breigarens, handwerken en fournituren","Retail of shoes, cloths & accessories",Retail
"47519",Detailhandel in overig textiel,"Retail of shoes, cloths & accessories",Retail
"47521","Detailhandel in ijzerwaren, bouwmaterialen, verf en glas (algemeen assortiment)",Retail of construction material,Construction
"47522",Detailhandel in houten bouw- en tuinmaterialen,Retail of construction material,Construction
"47523",Detailhandel in wand- en vloertegels,Retail of construction material,Construction
"47524","Detailhandel in parket-, laminaat- en kurkvloeren",Retail of construction material,Construction
"47525",Detailhandel in ijzerwaren en gereedschappen,Retail of construction material,Construction
"47526",Detailhandel in verf en verfwaren,Retail of construction material,Construction
"47527",Detailhandel in sanitaire artikelen en sanitair installatiemateriaal,Retail of construction material,Construction
"47529","Detailhandel in overige bouwmaterialen, n.e.g.",Retail of construction material,Construction
"47530",Detailhandel in tapijten en andere vloerbedekking en wandbekleding,Retail of construction material,Construction
"47540",Detailhandel in elektrische huishoudapparaten,"Retail, rental & repair of electronic consumer appliances",Retail
"47551",Detailhandel in huismeubilair,Furniture wholesale & retail,Furniture & decoration
"47552",Detailhandel in verlichtingsartikelen,Lighting,Electronics & Electrical goods
"47553","Detailhandel in glas-, porselein- en aardewerk en in niet-elektrische huishoudelijke artikelen",Other interior decoration,Furniture & decoration
"47554",Detailhandel in babyartikelen (algemeen assortiment),Other retail,Retail
"47559","Detailhandel in andere huishoudelijke artikelen, n.e.g.",Other retail,Retail
"47610",Detailhandel in boeken,Retail of books and office supplies,Retail
"47621",Detailhandel in kranten en andere tijdschriften,Retail of books and office supplies,Retail
"47622",Detailhandel in kantoorbehoeften,Retail of books and office supplies,Retail
"47631",Detailhandel in wapens en munitie,Other retail,Retail
"47632",Detailhandel in fietsen,"Production, retail and rental of sports material",Sports
"47639",Detailhandel in overige sportartikelen,"Production, retail and rental of sports material",Sports
"47640",Detailhandel in spellen en speelgoed,Other retail,Retail
"47690","Detailhandel in cultuur- en recreatieartikelen, n.e.g.",Other retail,Retail
"47711",Detailhandel in damesbovenkleding,"Retail of shoes, cloths & accessories",Retail
"47712",Detailhandel in herenbovenkleding,"Retail of shoes, cloths & accessories",Retail
"47713",Detailhandel in baby- en kinderbovenkleding,"Retail of shoes, cloths & accessories",Retail
"47714","Detailhandel in onderkleding, lingerie en strand- en badkleding","Retail of shoes, cloths & accessories",Retail
"47715",Detailhandel in kledingaccessoires,"Retail of shoes, cloths & accessories",Retail
"47716","Detailhandel in dames-, heren-, baby- en kinderboven- en onderkleding en kledingaccessoires (algemeen assortiment)","Retail of shoes, cloths & accessories",Retail
"47721",Detailhandel in schoeisel,"Retail of shoes, cloths & accessories",Retail
"47722",Detailhandel in lederwaren en reisartikelen,"Retail of shoes, cloths & accessories",Retail
"47730",Detailhandel in farmaceutische producten,Pharmacies,Pharmaceutics
"47741","Detailhandel in medische en orthopedische artikelen, m.u.v. corrigerende brillen, lenzen en zonnebrillen",Medical supplies,Healthcare
"47750",Detailhandel in cosmetica en toiletartikelen,Cosmetics,Luxury
"47761","Detailhandel in bloemen, planten, zaden en kunstmeststoffen",Plants & flowers,Retail
"47762","Detailhandel in huisdieren, voer voor huisdieren en benodigdheden daarvoor",Animal food,Animal care
"47770",Detailhandel in uurwerken en sieraden,Jewelry,Luxury
"47781","Detailhandel in vaste, vloeibare en gasvormige brandstoffen, m.u.v. motorbrandstoffen",Other retail,Retail
"47782","Detailhandel in fotografische en optische artikelen en in precisieinstrumenten, m.u.v. corrigerende brillen, lenzen en zonnebrillen",Photography,Arts & events
"47783",Detailhandel in drogisterijartikelen en onderhoudsproducten,Other retail,Retail
"47784",Detailhandel in souvenirs en religieuze artikelen,Other retail,Retail
"47789",Overige detailhandel in nieuwe artikelen n.e.g.,Other retail,Retail
"47791",Detailhandel in antiquiteiten,Other interior decoration,Furniture & decoration
"47792",Detailhandel in tweedehandskleding,"Retail of shoes, cloths & accessories",Retail
"47793","Detailhandel in andere tweedehandsgoederen, m.u.v. tweedehandskleding",Other retail,Retail
"47811","Detailhandel in auto's en lichte bestelwagens (<= 3,5 ton)",Retail & maintenance of vehicles,Automotive
"47812","Detailhandel in andere motorvoertuigen (> 3,5 ton)",Retail & maintenance of vehicles,Automotive
"47813","Detailhandel in aanhangwagens, opleggers en caravans",Retail & maintenance of vehicles,Automotive
"47820",Detailhandel in onderdelen en accessoires van motorvoertuigen,Technical vehicle maintenance,Automotive
"47830","Detailhandel in motorrijwielen, delen en toebehoren van motorrijwielen",Retail & maintenance of vehicles,Automotive
"47910",Bemiddelingsactiviteiten in verband met de niet-gespecialiseerde detailhandel,Other retail,Retail
"47920",Bemiddelingsactiviteiten voor de gespecialiseerde detailhandel,Other retail,Retail
"49110",Personenvervoer per trein,Transport of people,Transport & logistics
"49120",Personenvervoer per spoor anders dan per trein,Transport of people,Transport & logistics
"49200",Goederenvervoer per spoor,Non-road transport of goods,Transport & logistics
"49310",Personenvervoer over de weg volgens dienstregeling,Transport of people,Transport & logistics
"49320",Personenvervoer over de weg zonder dienstregeling,Transport of people,Transport & logistics
"49330",Diensten voor personenvervoer op aanvraag per voertuig met chauffeur,Transport of people,Transport & logistics
"49340",Personenvervoer met kabelbanen en skiliften,Transport of people,Transport & logistics
"49390","Overig personenvervoer te land, n.e.g.",Transport of people,Transport & logistics
"49410",Goederenvervoer over de weg,Road transport of goods,Transport & logistics
"49420",Verhuisactiviteiten,Other transport & logistics,Transport & logistics
"49500",Vervoer via pijpleidingen,Other utility,Utility
"50100",Personenvervoer over zee- en kustwateren,Transport of people,Transport & logistics
"50200",Goederenvervoer over zee- en kustwateren,Non-road transport of goods,Transport & logistics
"50300",Personenvervoer over binnenwateren,Transport of people,Transport & logistics
"50400",Goederenvervoer over binnenwateren,Non-road transport of goods,Transport & logistics
"51100",Personenvervoer door de lucht,Other transport & logistics,Transport & logistics
"52210",Diensten in verband met vervoer te land,Road transport of goods,Transport & logistics
"52220",Diensten in verband met vervoer over water,Non-road transport of goods,Transport & logistics
"52230",Diensten in verband met de luchtvaart,Non-road transport of goods,Transport & logistics
"52241",Vrachtbehandeling in zeehavens,Non-road transport of goods,Transport & logistics
"52249","Overige vrachtbehandeling, exclusief in zeehavens",Non-road transport of goods,Transport & logistics
"52250",Logistieke diensten,Other transport & logistics,Transport & logistics
"52260",Andere vervoerondersteunende activiteiten,Other transport & logistics,Transport & logistics
"52310",Bemiddelingsactiviteiten in verband met goederenvervoer,Road transport of goods,Transport & logistics
"52320",Bemiddelingsactiviteiten in verband met personenvervoer,Transport of people,Transport & logistics
"53100",Postdiensten in het kader van de universele dienstverplichting,Postal & courrier services,Transport & logistics
"53200",Overige posterijen en koeriers,Postal & courrier services,Transport & logistics
"53300",Bemiddelingsactiviteiten in verband met post- en koeriersdiensten,Other transport & logistics,Transport & logistics
"55100",Hotels en dergelijke accommodatie,Hotels & rooms,Hospitality
"55201",Jeugdherbergen en jeugdverblijfcentra,Hotels & rooms,Hospitality
"55202",Vakantieparken,Hotels & rooms,Hospitality
"55203","Gites, vakantiewoningen en -appartementen",Hotels & rooms,Hospitality
"55204",Gastenkamers,Hotels & rooms,Hospitality
"55209","Vakantieverblijven en andere accommodatie voor kort verblijf, n.e.g.",Hotels & rooms,Hospitality
"55300",Kampeer- en caravanterreinen,Other hospitality,Hospitality
"55400",Bemiddelingsactiviteiten in verband met accommodatie,Touristic services,Hospitality
"55900",Overige accommodatie,Other hospitality,Hospitality
"56111",Activiteiten van eetgelegenheden met volledige bediening,Restaurants,Hospitality
"56112","Activiteiten van eetgelegenheden met beperkte bediening, m.u.v. mobiele eetgelegenheden",Snack bars,Hospitality
"56120",Activiteiten van mobiele eetgelegenheden,Catering Services,Hospitality
"56210",Catering van evenementen,Catering Services,Hospitality
"56220",Cateringdiensten op contractbasis en overige diensten in verband met maaltijden,Snack bars,Hospitality
"56301",Cafés en bars,Bars,Hospitality
"56302","Discotheken, dancings en dergelijke",Event management & services,Arts & events
"56309",Andere drinkgelegenheden,Bars,Hospitality
"56400",Bemiddelingsactiviteiten in verband met eet- en drinkgelegenheden,Catering Services,Hospitality
"58130",Uitgeven van tijdschriften,Newspapers & magazines,Media
"58190","Overige activiteiten van uitgeverijen, met uitzondering van het uitgeven van software",Publisher,Media
"58210",Uitgeven van computerspellen,Software development,ICT
"58290",Uitgeven van overige software,Software development,ICT
"59111",Productie van bioscoopfilms,Film & TV production,Media
"59112",Productie van televisiefilms,Film & TV production,Media
"59113","Productie van video en film, m.u.v. bioscoop- en televisiefilms",Film & TV production,Media
"59114",Productie van televisieprogramma's,Film & TV production,Media
"59120",Activiteiten in verband met films en video- en televisieprogramma’s na de productie,Film & TV production,Media
"59130",Activiteiten op het gebied van de distributie van films en video’s,Musical performances & production,Media
"59140",Vertoning van films,Film & TV production,Media
"59201",Maken van geluidsopnamen,Musical performances & production,Media
"59202",Geluidsopnamestudio's,Musical performances & production,Media
"59203",Uitgeverijen van muziekopnamen,Musical performances & production,Media
"59209",Overige diensten in verband met het maken van geluidsopnamen,Musical performances & production,Media
"60100",Uitzenden van radioprogramma’s en distributie van audio,Other Media,Media
"60200",Samenstellen en uitzenden van televisieprogramma’s en distributie van video’s,Film & TV production,Media
"60310",Activiteiten van persagentschappen,Newspapers & magazines,Media
"60390",Andere activiteiten op het gebied van de verspreiding van inhoud,Telecom,ICT
"61100",Draadgebonden en draadloze telecommunicatie en telecommunicatie via satelliet,Telecom,ICT
"61200",Wederverkoop van telecommunicatie en bemiddelingsactiviteiten in verband met telecommunicatie,Telecom,ICT
"61900",Overige activiteiten op het gebied van telecommunicatie,Telecom,ICT
"62100",Ontwerpen van computerprogramma’s,Software development,ICT
"62200",Activiteiten op het gebied van computerconsultancy en beheer van computerfaciliteiten,IT Consultancy,ICT
"62900",Overige diensten op het gebied van informatietechnologie en computer,Other ICT,ICT
"63100","Computerinfrastructuur, gegevensverwerking, hosting en aanverwante activiteiten",Other ICT,ICT
"63910",Activiteiten van webportalen,Software development,ICT
"79909",Overige reserveringsactiviteiten,Touristic services,Hospitality
"63920",Overige dienstverlenende activiteiten op het gebied van informatie,Other Business Services,Business services
"64110",Activiteiten van centrale banken,Banking & equity management,Financial services
"64190",Overige activiteiten van geldscheppende financiële instellingen,Other financial services,Financial services
"64210",Activiteiten van holdings,Holdings,Other
"64220",Activiteiten van financieringskanalen,Other financial services,Financial services
"64310",Activiteiten van geldmarkt- en niet-geldmarktbeleggingsfondsen,Banking & equity management,Financial services
"64320","Activiteiten van trust-, vastgoed- en agentuurrekeningen",Other financial services,Financial services
"64910",Financiële lease,Other financial services,Financial services
"64921",Verstrekken van verbruikskrediet,Banking & equity management,Financial services
"64922",Verstrekken van hypothecair krediet,Banking & equity management,Financial services
"64923",Factoring,Other financial services,Financial services
"64924",Titrisatie van leningen,Other financial services,Financial services
"64929","Overige kredietvertsrekking, n.e.g.",Banking & equity management,Financial services
"64991",Activiteiten van beursvennootschappen,Other financial services,Financial services
"64999","Overige financiële dienstverlening, n.e.g.",Other financial services,Financial services
"65111",Rechtstreekse verzekeringsverrichtingen leven,Insurances,Financial services
"65112","Activiteiten van gemengde verzekeringsondernemingen, overwegend leven",Insurances,Financial services
"65121",Rechtstreekse verzekeringsverrichtingen niet-leven,Insurances,Financial services
"65122","Activiteiten van gemengde verzekeringsondernemingen, overwegend niet-leven",Insurances,Financial services
"65200",Herverzekering,Insurances,Financial services
"65300",Activiteiten van pensioenfondsen,Insurances,Financial services
"66110",Beheer van financiële markten,Other financial services,Financial services
"66121",Crowdfunding,Other financial services,Financial services
"66129","Overige bemiddeling in effecten- en goederencontracten, m.u.v. crowdfunding",Other financial services,Financial services
"66191",Agenten en makelaars in bankdiensten,Banking & equity management,Financial services
"66199","Overige ondersteunende activiteiten in verband met financiële diensten, n.e.g., exclusief verzekeringen en pensioenfondsen",Other financial services,Financial services
"66210",Activiteiten van risicoanalisten en schadetaxateurs,Other financial services,Financial services
"66220",Activiteiten van verzekeringsagenten en -makelaars,Insurances,Financial services
"66290","Ondersteunende activiteiten in verband met verzekeringen en pensioenfondsen, n.e.g.",Insurances,Financial services
"66300",Vermogensbeheer,Banking & equity management,Financial services
"68110",Handel in eigen onroerend goed,Real estate project development,Real estate
"68121",Ontwikkeling van residentiële bouwprojecten,Project Development,Construction
"68122",Ontwikkeling van niet-residentiële bouwprojecten,Project Development,Construction
"68201","Verhuur en exploitatie van eigen of geleased residentieel onroerend goed, exclusief sociale woningen",Rental of residential properties,Real estate
"68202",Verhuur en exploitatie van sociale woningen,Rental of residential properties,Real estate
"68203","Verhuur en exploitatie van eigen of geleased niet-residentieel onroerend goed, exclusief terreinen",Rental of non-residential properties,Real estate
"68204",Verhuur en exploitatie van terreinen,Rental of non-residential properties,Real estate
"68310",Bemiddeling in verband met exploitatie van en handel in onroerend goed,Trade and valuation of real estate,Real estate
"68321",Activiteiten van syndici van onroerend goed,Property management,Property management
"68322",Schatten en evalueren van onroerend goed voor een vast bedrag of op contractbasis,Trade and valuation of real estate,Real estate
"68329","Overige bemiddeling in en beheer van onroerend goed voor een vast bedrag of op contractbasis, n.e.g.",Property management,Property management
"69101",Activiteiten van advocaten,Lawyers,Legal Services
"69102",Activiteiten van notarissen,Notaries,Legal Services
"69103",Activiteiten van deurwaarders,Bailiffs,Legal Services
"69109",Overige rechtskundige dienstverlening,Other legal services,Legal Services
"69201",Activiteiten van (gecertificeerde) (fiscaal) accountants,Accountancy & tax,Financial services
"69202",Activiteiten van gecertificeerde belastingadviseurs,Accountancy & tax,Financial services
"69203",Activiteiten van bedrijfsrevisoren,Auditing & compliance,Financial services
"69209",Overige fiscale dienstverlening,Accountancy & tax,Financial services
"70100",Activiteiten van hoofdkantoren,Holdings,Other
"70200",Activiteiten van adviesbureaus op het gebied van bedrijfsvoering en overig managementadvies,Business Consulting Services,Business services
"71111",Activiteiten van bouwarchitecten,Architecture & engineering services,Construction
"71112",Activiteiten van interieurarchitecten,Interior design,Construction
"71113",Activiteiten van stedebouwkundige en tuin- en landschapsarchitecten,Landscaping design,Landscaping
"71119","Overige activiteiten op het gebied van architectuur, n.e.g.",Architecture & engineering services,Construction
"71121","Activiteiten van ingenieurs en aanverwante technische adviseurs, exclusief landmeters-experts",Architecture & engineering services,Construction
"71122",Activiteiten van landmeters-experts,Architecture & engineering services,Construction
"71201",Technische controle van motorvoertuigen,Other automotive,Automotive
"71209",Overige technische testen en toetsen,Architecture & engineering services,Construction
"80090","Beveiligingsactiviteiten, n.e.g.",Physical security services,Property management
"72101",Speur- en ontwikkelingswerk op biotechnologisch gebied,Biotech,Reseach & development
"72109",Overig speur- en ontwikkelingswerk op natuurwetenschappelijk gebied,Environmental science,Reseach & development
"72200",Speur- en ontwikkelingswerk op het gebied van de maatschappij- en geesteswetenschappen,Other R&D domains,Reseach & development
"73110",Activiteiten van reclamebureaus,Marketing consultancy,Marketing
"73120",Mediarepresentatie,Translation & communication services,Business services
"73200",Markt- en opinieonderzoek,Market research,Marketing
"73300",Activiteiten van adviesbureaus op het gebied van public relations en communicatie,Marketing consultancy,Marketing
"74111","Ontwerpen van textielpatronen, kleding, juwelen, meubels en decoratieartikelen",Other textile,Textile
"74112",Activiteiten van industriële designers,Design services,Business services
"74120",Grafisch ontwerp en visuele communicatie,Graphical design,Marketing
"74130",Interieurontwerp,Interior design,Construction
"74140",Overige gespecialiseerde ontwerpactiviteiten,Interior design,Construction
"74201","Activiteiten van fotografen, met uitzondering van persfotografen",Photography,Arts & events
"74202",Activiteiten van persfotografen,Newspapers & magazines,Media
"74209",Overige fotografische activiteiten,Photography,Arts & events
"74301",Activiteiten van vertalers,Translation & communication services,Business services
"74302",Activiteiten van tolken,Translation & communication services,Business services
"74910",Bemiddeling in en het in de handel brengen van octrooien,Engineering services,Business services
"74991","Activiteiten van managers van artiesten, sportlui en overige bekende personaliteiten",Event management & services,Arts & events
"74999","Overige activiteiten van vrije beroepen en andere wetenschappelijke en technische activiteiten, n.e.g.",Engineering services,Business services
"75000",Veterinaire diensten,Veterinaries,Animal care
"77110",Verhuur en lease van personenauto’s en andere lichte motorvoertuigen,Vehicle rental & leasing,Automotive
"77120",Verhuur en lease van vrachtwagens,Vehicle rental & leasing,Automotive
"77210",Verhuur en lease van sport- en recreatieartikelen,"Production, retail and rental of sports material",Sports
"77221","Verhuur en lease van machines, apparatuur en handgereedschap voor doe-het-zelvers","Retail, rental & repair of electronic consumer appliances",Retail
"77222",Verhuur en lease van televisietoestellen en andere audio- en videoapparatuur,Event management & services,Arts & events
"80010",Opsporings- en particuliere beveiligingsdiensten,Physical security services,Property management
"77223","Verhuur en lease van vaat- en glaswerk, keuken- en tafelgerei, elektrische huishoudapparaten en andere huishoudelijke benodigdheden","Retail, rental & repair of non-electronic consumer goods",Retail
"77224","Verhuur en lease van textiel, kleding, sieraden en schoeisel","Retail of shoes, cloths & accessories",Retail
"77225",Verhuur en lease van medisch en paramedisch materieel,Medical supplies,Healthcare
"77226",Verhuur en lease van bloemen en planten,Other Business Services,Business services
"77229","Verhuur en lease van andere huishoudelijke of persoonlijke artikelen, n.e.g.","Retail, rental & repair of non-electronic consumer goods",Retail
"77310",Verhuur en lease van landbouwmachines en -werktuigen,Supporting services or goods for agriculture,Agriculture
"77320",Verhuur en lease van machines en installaties voor de bouwnijverheid en de weg- en waterbouw,Construction machine rental & leasing,Construction
"77330","Verhuur en lease van kantoormachines, inclusief computers",Office supplies,Business services
"77340",Verhuur en lease van transportmiddelen voor vervoer over water,Other transport & logistics,Transport & logistics
"77350",Verhuur en lease van luchtvaartuigen,Other transport & logistics,Transport & logistics
"77391","Verhuur en lease van speel-, amusement-, en verkoopautomaten",Other,Other
"77392",Verhuur en lease van tenten,Event management & services,Arts & events
"77393",Verhuur en lease van caravans,Vehicle rental & leasing,Automotive
"77394",Verhuur en lease van woon- en bureelcontainers en dergelijke accommodatie,Other,Other
"77399",Verhuur en lease van andere machines en werktuigen en andere materiële goederen,Vehicle rental & leasing,Automotive
"77400","Lease van intellectuele eigendom en vergelijkbare producten, met uitzondering van werken onder auteursrecht",Other,Other
"77510","Bemiddeling in verband met verhuur en leasing van auto’s, campers en aanhangwagens",Vehicle rental & leasing,Automotive
"77520",Bemiddeling in verband met verhuur en leasing van andere materiële goederen en niet-financiële immateriële activa,Vehicle rental & leasing,Automotive
"78100",Arbeidsbemiddeling,Human Resources,Business services
"78200",Activiteiten van uitzendbureaus en andere diensten in verband met personeelsvoorziening,Human Resources,Business services
"79110",Activiteiten van reisbureaus,Touristic services,Hospitality
"79120",Activiteiten van reisorganisatoren,Touristic services,Hospitality
"79901",Activiteiten van toeristische informatiediensten,Touristic services,Hospitality
"81100",Diverse ondersteunende activiteiten ten behoeve van voorzieningen,Other,Other
"81210",Algemene reiniging van gebouwen,Cleaning services,Property management
"81220",Overige reiniging van gebouwen; industriële reiniging,Construction maintenance,Construction
"81230",Andere reinigingsactiviteiten,Cleaning services,Property management
"81300",Landschapsverzorging,Landscaping works,Landscaping
"82100",Administratieve en ondersteunende activiteiten ten behoeve van kantoren,Administration services,Business services
"82200",Activiteiten van callcenters,Other Business Services,Business services
"82300",Organisatie van congressen en beurzen,Event management & services,Arts & events
"82400","Bemiddelingsactiviteiten in verband met zakelijke dienstverlening, n.e.g.",Touristic services,Hospitality
"82910",Activiteiten van incasso- en kredietbureaus,Other financial services,Financial services
"82920",Activiteiten van verpakkingsbedrijven,Other industry,Industry
"82990","Overige zakelijke dienstverlening, n.e.g.",Business Consulting Services,Business services
"84111",Federale overheid,Management,Public sector
"84112",Overheden van gemeenschappen en gewesten,Management,Public sector
"84113",Provinciale overheid,Management,Public sector
"84114","Gemeentelijke overheid, met uitzondering van het O.C.M.W",Management,Public sector
"84115",Openbare Centra voor Maatschappelijk Welzijn (O.C.M.W.),Management,Public sector
"84119",Overig algemeen overheidsbestuur,Management,Public sector
"84120","Openbaar bestuur op het gebied gezondheidszorg, onderwijs, culturele diensten en andere sociale diensten",Management,Public sector
"84130",Openbaar bestuur op het gebied van het bedrijfsleven; stimuleren van het bedrijfsleven,Management,Public sector
"84210",Buitenlandse zaken,Other public sector,Public sector
"84220",Defensie,Other public sector,Public sector
"84231",Rechtbanken,Other public sector,Public sector
"84232",Strafinrichtingen,Other public sector,Public sector
"84239",Overige activiteiten met betrekking tot justitie,Other public sector,Public sector
"84241",Federale Politie,Other public sector,Public sector
"84242",Lokale Politie,Other public sector,Public sector
"84249",Overige openbare orde en civiele veiligheid,Other public sector,Public sector
"84250",Brandweer,Other public sector,Public sector
"84301","Verplichte sociale verzekeringen, met uitzondering van ziekenfondsen",Other public sector,Public sector
"84302",Ziekenfondsen en zorgkassen,Management,Public sector
"84309",Overige instellingen van de sociale zekerheid,Management,Public sector
"85101",Gewoon kleuteronderwijs ingericht door de Gemeenschappen,Schools and other education,Public sector
"85102",Provinciaal gesubsidieerd gewoon kleuteronderwijs,Schools and other education,Public sector
"85103",Gemeentelijk gesubsidieerd gewoon kleuteronderwijs,Schools and other education,Public sector
"85104",Vrij gesubsidieerd gewoon kleuteronderwijs,Schools and other education,Public sector
"85105",Buitengewoon officieel kleuteronderwijs,Schools and other education,Public sector
"85106",Vrij gesubsidieerd buitengewoon kleuteronderwijs,Schools and other education,Public sector
"85109","Gewoon kleuteronderwijs, n.e.g.",Schools and other education,Public sector
"85201",Gewoon lager onderwijs ingericht door de Gemeenschappen,Schools and other education,Public sector
"85202",Provinciaal gesubsidieerd gewoon lager onderwijs,Schools and other education,Public sector
"85203",Gemeentelijk gesubsidieerd gewoon lager onderwijs,Schools and other education,Public sector
"85204",Vrij gesubsidieerd gewoon lager onderwijs,Schools and other education,Public sector
"85205",Buitengewoon officieel lager onderwijs,Schools and other education,Public sector
"85206",Vrij gesubsidieerd buitengewoon lager onderwijs,Schools and other education,Public sector
"85207",Alfabetiseringsprogramma's ten behoeve van volwassenen,Schools and other education,Public sector
"85209","Gewoon lager onderwijs, n.e.g",Schools and other education,Public sector
"85311",Gewoon algemeen secundair onderwijs ingericht door de Gemeenschappen,Schools and other education,Public sector
"85312",Provinciaal gesubsidieerd gewoon algemeen secundair onderwijs,Schools and other education,Public sector
"85313",Gemeentelijk gesubsidieerd gewoon algemeen secundair onderwijs,Schools and other education,Public sector
"85314",Vrij gesubsidieerd gewoon algemeen secundair onderwijs,Schools and other education,Public sector
"85319","Gewoon algemeen secundair onderwijs, n.e.g.",Schools and other education,Public sector
"85321",Gewoon technisch en beroepssecundair onderwijs ingericht door de Gemeenschappen,Schools and other education,Public sector
"85322",Provinciaal gesubsidieerd gewoon technisch en beroepssecundair onderwijs,Schools and other education,Public sector
"85323",Gemeentelijk gesubsidieerd gewoon technisch en beroepssecundair onderwijs,Schools and other education,Public sector
"85324",Vrij gesubsidieerd gewoon technisch en beroepssecundair onderwijs,Schools and other education,Public sector
"85325",Buitengewoon officieel secundair onderwijs,Schools and other education,Public sector
"85326",Vrij gesubsidieerd buitengewoon secundair onderwijs,Schools and other education,Public sector
"85329","Technisch, beroeps- en buitengewoon secundair onderwijs, n.e.g.",Schools and other education,Public sector
"85330",Postsecundair niet-hoger onderwijs,Schools and other education,Public sector
"85401",Officieel hoger onderwijs,Schools and other education,Public sector
"85402",Vrij gesubsidieerd hoger onderwijs,Schools and other education,Public sector
"85409","Hoger onderwijs, n.e.g.",Schools and other education,Public sector
"85510",Sport- en recreatieonderwijs,Schools and other education,Public sector
"85520",Cultureel onderwijs,Schools and other education,Public sector
"85531",Activiteiten van auto- en motorrijscholen,Other automotive,Automotive
"85532",Vlieg- en vaaronderricht,Other transport & logistics,Transport & logistics
"85591",Onderwijs voor sociale promotie,Schools and other education,Public sector
"85592",Beroepsopleiding,Schools and other education,Public sector
"85593",Sociaal-cultureel vormingswerk,Other public sector,Public sector
"85599",Overige vormen van onderwijs,Schools and other education,Public sector
"85610",Bemiddeling op het gebied van academische ondersteuning en studiebegeleiding,Schools and other education,Public sector
"85691",Activiteiten van Centra voor Leerlingbegeleiding (C.L.B.),Schools and other education,Public sector
"85699",Overige onderwijsondersteunende dienstverlening,Schools and other education,Public sector
"86101","Activiteiten van algemene ziekenhuizen, m.u.v. geriatrische en gespecialiseerde ziekenhuizen",Healthcare,Public sector
"86102",Activiteiten van geriatrische ziekenhuizen,Healthcare,Public sector
"86103",Activiteiten van gespecialiseerde ziekenhuizen,Healthcare,Public sector
"86104",Activiteiten van psychiatrische ziekenhuizen,Healthcare,Public sector
"86109",Overige hospitalisatiediensten,Healthcare,Public sector
"86210",Activiteiten van huisartspraktijken,General Medical Practice,Healthcare
"86220",Activiteiten van medisch specialisten,Specialist Medical Practice,Healthcare
"86230",Activiteiten van tandartspraktijken,Dental Practices,Healthcare
"86910",Activiteiten van medische beeldvorming en medische laboratoria,Other healthcare,Healthcare
"86920",Patiëntenvervoer per ambulance,Healthcare,Public sector
"86931",Activiteiten op het gebied van psychologie,Psychologists,Healthcare
"86932",Activiteiten op het gebied van psychotherapie,Psychologists,Healthcare
"86933",Activiteiten van centra voor geestelijke gezondheidszorg,Nursing institutions,Healthcare
"86992","Activiteiten van bloedtransfusiecentra, bloedbanken, spermabanken, organenbanken en dergelijke",Other healthcare,Healthcare
"87101",Rust- en verzorgingstehuizen (R.V.T.),Elderly care,Healthcare
"87205",Activiteiten van beschut wonen voor personen met psychiatrische problemen,Other healthcare,Healthcare
"86952",Activiteiten op het gebied van ergotherapie,Physiotherapists,Healthcare
"86962",Activiteiten op het gebied van chiropraxie,Physiotherapists,Healthcare
"87109",Overige verpleeginstellingen met huisvesting,Nursing institutions,Healthcare
"87204",Instellingen met huisvesting voor drugs- en alcoholverslaafden,Nursing institutions,Healthcare
"87203",Instellingen met huisvesting voor personen met psychiatrische problemen,Nursing institutions,Healthcare
"87201",Instellingen met huisvesting voor minderjarigen met een mentale handicap,Nursing institutions,Healthcare
"87202",Instellingen met huisvesting voor volwassenen met een mentale handicap,Nursing institutions,Healthcare
"86995",Activiteiten op het gebied van voeding,Dietitians,Healthcare
"86959",Andere ambulante revalidatieactiviteiten,Other healthcare,Healthcare
"86961",Niet-conventionele therapeutische diensten,Other healthcare,Healthcare
"86963",Activiteiten op het gebied van osteopathie,Other healthcare,Healthcare
"86964",Activiteiten op het gebied van homeopathie,Other healthcare,Healthcare
"86965",Activiteiten op het gebied van acupunctuur,Other healthcare,Healthcare
"86970","Bemiddelingsactiviteiten in verband met geneeskundige, tandheelkundige en andere diensten in verband met de menselijke gezondheid",Other healthcare,Healthcare
"86991","Activiteiten op het gebied van mondzorg, m.u.v. activiteiten van tandartspraktijken",Other healthcare,Healthcare
"86993",Activiteiten op het gebied van oogzorg,Other healthcare,Healthcare
"86994",Activiteiten op het gebied van voetzorg en -problematiek,Other healthcare,Healthcare
"86996",Activiteiten op het gebied van logopedie,Other healthcare,Healthcare
"86997","Activiteiten van shiatsu, thai massage , watsu, tuina qigong",Other healthcare,Healthcare
"86999","Overige activiteiten op het gebied van menselijke gezondheidszorg, n.e.g.",Other healthcare,Healthcare
"87301",Rusthuizen voor ouderen (R.O.B.),Elderly care,Healthcare
"87302",Serviceflats voor ouderen,Elderly care,Healthcare
"87910",Bemiddelingsactiviteiten in verband met residentiële zorg,Other healthcare,Healthcare
"87992",Algemeen welzijnswerk met huisvesting,Other,Other
"87999","Overige maatschappelijke dienstverlening met huisvesting, n.e.g.",Other healthcare,Healthcare
"88101","Activiteiten van bejaardenzorg aan huis, m.u.v. (thuis)verpleging",Elderly care,Healthcare
"88102",Activiteiten van dag- en dienstencentra voor ouderen,Elderly care,Healthcare
"88103","Activiteiten van dagcentra voor minderjarigen met een lichamelijke handicap, met inbegrip van ambulante hulpverlening",Other healthcare,Healthcare
"88104","Activiteiten van dagcentra voor volwassenen met een lichamelijke handicap, met inbegrip van ambulante hulpverlening",Other healthcare,Healthcare
"88105","Activiteiten van dagcentra voor minderjarigen met een mentale handicap, met inbegrip van ambulante hulpverlening",Other healthcare,Healthcare
"88106","Activiteiten van dagcentra voor volwassenen met een mentale handicap, met inbegrip van ambulante hulpverlening",Other healthcare,Healthcare
"88109",Overige maatschappelijke dienstverlening zonder huisvesting voor ouderen of personen met een handicap,Other healthcare,Healthcare
"88911",Kinderdagverblijven en crèches,Child daycare,Personal care & services
"88912",Kinderopvang door onthaalouders,Child daycare,Personal care & services
"88919",Overige activiteiten met betrekking tot kinderopvang,Child daycare,Personal care & services
"88991",Ambulante hulpverlening aan drugs- en alcoholverslaafden,Other healthcare,Healthcare
"88993",Beschutte en sociale werkplaatsen,Other healthcare,Healthcare
"88994",Algemeen welzijnswerk zonder huisvesting,Other healthcare,Healthcare
"87304",Instellingen met huisvesting voor volwassenen met een lichamelijke handicap,Nursing institutions,Healthcare
"87309","Instellingen met huisvesting voor ouderen en voor personen met een lichamelijke handicap, n.e.g.",Nursing institutions,Healthcare
"87991",Integrale jeugdhulp met huisvesting,Nursing institutions,Healthcare
"88992",Integrale jeugdhulp zonder huisvesting,Nursing institutions,Healthcare
"88999","Andere vormen van maatschappelijke dienstverlening zonder huisvesting, n.e.g.",Other healthcare,Healthcare
"90111",Literaire creatie,Art & cultural activities,Arts & events
"90112",Compositie van muziek,Art & cultural activities,Arts & events
"90120",Creatie van beeldende kunsten,Art & cultural activities,Arts & events
"90130",Andere vormen van creatie van kunst,Art & cultural activities,Arts & events
"90201",Beoefening van uitvoerende kunsten door zelfstandig werkende artiesten,Art & cultural performances,Media
"90202",Beoefening van uitvoerende kunsten door artistieke ensembles,Art & cultural performances,Media
"90311","Exploitatie van schouwburgen, concertzalen en dergelijke",Art & cultural activities,Arts & events
"90312",Exploitatie van culturele centra en multifunctionele zalen ten behoeve van culturele activiteiten,Event management & services,Arts & events
"90391",Promotie en organisatie van scheppende en uitvoerende kunstevenementen,Art & cultural performances,Media
"90392",Ontwerp en bouw van podia en decors,Event management & services,Arts & events
"90393","Gespecialiseerde beeld-, verlichtings- en geluidstechnieken",Event management & services,Arts & events
"90399","Andere ondersteunende activiteiten voor scheppende en uitvoerende kunst, n.e.g.",Event management & services,Arts & events
"91110",Activiteiten van bibliotheken,Other public sector,Public sector
"91120",Activiteiten van archieven,Other public sector,Public sector
"91210",Activiteiten van musea en collecties,Touristic services,Hospitality
"91220",Activiteiten van historische locaties en monumenten,Touristic services,Hospitality
"91300","Instandhouding, restauratie en andere ondersteunende activiteiten voor cultureel erfgoed",Touristic services,Hospitality
"91410",Activiteiten van botanische tuinen en dierentuinen,Other public sector,Public sector
"91420",Beheer en instandhouding van natuurreservaten,Management,Public sector
"92000",Activiteiten van loterijen en kansspelen,Other,Other
"93110",Exploitatie van sportaccommodaties,Fitness & other sport facilities,Sports
"93121",Activiteiten van voetbalclubs,Sports club,Sports
"93122",Activiteiten van tennisclubs,Sports club,Sports
"93123",Activiteiten van overige balsportclubs,Sports club,Sports
"93124",Activiteiten van wielerclubs,Sports club,Sports
"93125",Activiteiten van vechtsportclubs,Sports club,Sports
"93126",Activiteiten van watersportclubs,Sports club,Sports
"93127",Activiteiten van paardensportclubs,Sports club,Sports
"93128",Activiteiten van atletiekclubs,Sports club,Sports
"93129",Activiteiten van overige sportclubs,Sports club,Sports
"93130",Activiteiten van fitnesscentra,Fitness & other sport facilities,Sports
"93191",Activiteiten van sportbonden en -federaties,Sports club,Sports
"93192",Activiteiten van zelfstandig werkende sportbeoefenaars,Other sports,Sports
"93199","Overige sportactiviteiten, n.e.g.",Other sports,Sports
"93210",Activiteiten van pret- en themaparken,Leissure services,Hospitality
"93291",Exploitatie van kermisattracties,Leissure services,Hospitality
"93292",Exploitatie van snooker- en biljartzalen,Fitness & other sport facilities,Sports
"93293",Exploitatie van recreatiedomeinen,Fitness & other sport facilities,Sports
"93299","Overige recreatie- en ontspanningsactiviteiten, n.e.g.",Leissure services,Hospitality
"94110",Activiteiten van bedrijfs- en werkgeversorganisaties,Professional & other associations,Other
"94120",Activiteiten van beroepsorganisaties,Professional & other associations,Other
"94200",Activiteiten van vakbonden,Professional & other associations,Other
"94910",Activiteiten van religieuze organisaties,Professional & other associations,Other
"94920",Activiteiten van politieke organisaties,Professional & other associations,Other
"94991",Verenigingen op het vlak van jeugdwerk,Professional & other associations,Other
"94992",Verenigingen en bewegingen voor volwassenen,Professional & other associations,Other
"94993",Verenigingen op het vlak van ziektepreventie en gezondheidsbevordering,Professional & other associations,Other
"94994",Verenigingen op het vlak van milieu en mobiliteit,Professional & other associations,Other
"94995",Verenigingen op het vlak van ontwikkelingssamenwerking,Professional & other associations,Other
"94999","Overige verenigingen, n.e.g.",Professional & other associations,Other
"95100",Reparatie en onderhoud van computers en communicatieapparatuur,"Retail, repair and maintenance of ICT equipment",ICT
"95210",Reparatie en onderhoud van consumentenelektronica,"Retail, rental & repair of electronic consumer appliances",Retail
"95220",Reparatie en onderhoud van huishoudapparaten en van werktuigen voor gebruik in huis en tuin,"Retail, rental & repair of electronic consumer appliances",Retail
"95230",Reparatie en onderhoud van schoeisel en lederwaren,Production of cloths & shoes,Textile
"95240",Reparatie en onderhoud van meubelen en stoffering,Furniture production & repair,Furniture & decoration
"95250",Reparatie en onderhoud van uurwerken en sieraden,Jewelry,Luxury
"95290","Reparatie en onderhoud van consumentenartikelen, n.e.g.","Retail, rental & repair of non-electronic consumer goods",Retail
"95311","Algemeen onderhoud en reparatie van auto's en lichte bestelwagens (<= 3,5 ton)",Technical vehicle maintenance,Automotive
"95312","Algemeen onderhoud en reparatie van overige motorvoertuigen (> 3,5 ton)",Technical vehicle maintenance,Automotive
"95313",Reparatie en montage van specifieke auto-onderdelen,Technical vehicle maintenance,Automotive
"95314",Carrosserieherstelling (inclusief spuiten en verven),Technical vehicle maintenance,Automotive
"95315",Bandenservicebedrijven,Technical vehicle maintenance,Automotive
"95316",Wassen en poetsen van motorvoertuigen,Non-technical vehicle maintenance,Automotive
"95319","Onderhoud en reparatie van motorvoertuigen, n.e.g.",Technical vehicle maintenance,Automotive
"95320",Reparatie en onderhoud van motorfietsen,Technical vehicle maintenance,Automotive
"95400","Bemiddelingsactiviteiten in verband met reparatie en onderhoud van computers, consumentenartikelen, motorvoertuigen en motorfietsen","Retail, repair and maintenance of ICT equipment",ICT
"96101",Activiteiten van industriële wasserijen,Other,Other
"96102",Activiteiten van wasserettes en wassalons ten behoeve van particulieren,Other,Other
"96210",Kappers- en barbiersactiviteiten,Hairdressing practises,Personal care & services
"96220",Schoonheidsverzorging en andere schoonheidsbehandelingen,Beauty treatment,Personal care & services
"96230","Activiteiten van kuuroorden, sauna’s en stoombaden",Spas,Personal care & services
"96301",Uitvaartverzorging,Funeral services,Personal care & services
"96302",Beheer van kerkhoven en activiteiten van crematoria,Other public sector,Public sector
"96400",Bemiddelingsactiviteiten op het gebied van persoonlijke dienstverlening,Other personal care,Personal care & services
"96910",Huishoudelijke persoonlijke dienstverlening,Cleaning services,Property management
"96991",Contactbemiddelingsbureaus en dergelijke,Other personal care,Personal care & services
"96992",Plaatsen van tatoeages en piercings,Other personal care,Personal care & services
"96993","Diensten in verband met de verzorging van huisdieren, m.u.v. veterinaire diensten",Other Animal Care,Animal care
"96994",Africhten van huisdieren,Other Animal Care,Animal care
"96995",Pensions voor huisdieren,Other Animal Care,Animal care
"96999",Overige persoonlijke diensten,Other personal care,Personal care & services
"97000",Activiteiten van huishoudens als werkgever van huishoudelijk personeel,Other,Other
"98100",Niet-gedifferentieerde productie van goederen door particuliere huishoudens voor eigen gebruik,Other,Other
"98200",Niet-gedifferentieerde productie van diensten door particuliere huishoudens voor eigen gebruik,Other,Other
"99000",Activiteiten van extraterritoriale organisaties en instanties,Other,Other
