NBB Code, KPI Name, Dutch, Hoofdcategorie, type
1001, social_balance_1001, Gemiddeld aantal werknemers waarvoor de onderneming een DIMONA-verklaring heeft ingediend of die zijn ingeschreven in het algemeen personeelsregister - Voltijds, Aantal werknemers, period_avg
10011, social_balance_10011, Gemiddeld aantal werknemers waarvoor de onderneming een DIMONA-verklaring heeft ingediend of die zijn ingeschreven in het algemeen personeelsregister - Voltijds (Mannen), Aantal werknemers, period_avg
10012, social_balance_10012, Gemiddeld aantal werknemers waarvoor de onderneming een DIMONA-verklaring heeft ingediend of die zijn ingeschreven in het algemeen personeelsregister - Voltijds (Vrouwen), Aantal werknemers, period_avg
1002, social_balance_1002, Gemiddeld aantal werknemers waarvoor de onderneming een DIMONA-verklaring heeft ingediend of die zijn ingeschreven in het algemeen personeelsregister - Deeltijds, Aantal werknemers, period_avg
10021, social_balance_10021, Gemiddeld aantal werknemers waarvoor de onderneming een DIMONA-verklaring heeft ingediend of die zijn ingeschreven in het algemeen personeelsregister - Deeltijds (Mannen), Aantal werknemers, period_avg
10022, social_balance_10022, Gemiddeld aantal werknemers waarvoor de onderneming een DIMONA-verklaring heeft ingediend of die zijn ingeschreven in het algemeen personeelsregister - Deeltijds (Vrouwen), Aantal werknemers, period_avg
1003, social_balance_1003, Gemiddeld aantal werknemers waarvoor de onderneming een DIMONA-verklaring heeft ingediend of die zijn ingeschreven in het algemeen personeelsregister - Totaal in VTE, Aantal werknemers, period_avg
10031, social_balance_10031, Gemiddeld aantal werknemers waarvoor de onderneming een DIMONA-verklaring heeft ingediend of die zijn ingeschreven in het algemeen personeelsregister - Totaal in VTE (Mannen), Aantal werknemers, period_avg
10032, social_balance_10032, Gemiddeld aantal werknemers waarvoor de onderneming een DIMONA-verklaring heeft ingediend of die zijn ingeschreven in het algemeen personeelsregister - Totaal in VTE (Vrouwen), Aantal werknemers, period_avg
1011, social_balance_1011, Aantal daadwerkelijk gepresteerde uren - Voltijds, Gepresteerde Uren, period_total
10111, social_balance_10111, Aantal daadwerkelijk gepresteerde uren - Voltijds (Mannen), Gepresteerde Uren, period_total
10112, social_balance_10112, Aantal daadwerkelijk gepresteerde uren - Voltijds (Vrouwen), Gepresteerde Uren, period_total
1012, social_balance_1012, Aantal daadwerkelijk gepresteerde uren - Deeltijds, Gepresteerde Uren, period_total
10121, social_balance_10121, Aantal daadwerkelijk gepresteerde uren - Deeltijds (Mannen), Gepresteerde Uren, period_total
10122, social_balance_10122, Aantal daadwerkelijk gepresteerde uren - Deeltijds (Vrouwen), Gepresteerde Uren, period_total
1013, social_balance_1013, Aantal daadwerkelijk gepresteerde uren - Totaal tijdens het boekjaar, Gepresteerde Uren, period_total
10131, social_balance_10131, Aantal daadwerkelijk gepresteerde uren - Totaal tijdens het boekjaar (Mannen), Gepresteerde Uren, period_total
10132, social_balance_10132, Aantal daadwerkelijk gepresteerde uren - Totaal tijdens het boekjaar (Vrouwen), Gepresteerde Uren, period_total
1021, social_balance_1021, Personeelskosten - Voltijds, Kosten, period_total
10211, social_balance_10211, Personeelskosten - Voltijds (Mannen), Kosten, period_total
10212, social_balance_10212, Personeelskosten - Voltijds (Vrouwen), Kosten, period_total
1022, social_balance_1022, Personeelskosten - Deeltijds, Kosten, period_total
10221, social_balance_10221, Personeelskosten - Deeltijds (Mannen), Kosten, period_total
10222, social_balance_10222, Personeelskosten - Deeltijds (Vrouwen), Kosten, period_total
1023, social_balance_1023, Personeelskosten - Totaal tijdens het boekjaar, Kosten, period_total
10231, social_balance_10231, Personeelskosten - Totaal tijdens het boekjaar (Mannen), Kosten, period_total
10232, social_balance_10232, Personeelskosten - Totaal tijdens het boekjaar (Vrouwen), Kosten, period_total
1033, social_balance_1033, Bedrag van de voordelen bovenop het loon - Totaal tijdens het boekjaar, Kosten, period_total
10331, social_balance_10331, Bedrag van de voordelen bovenop het loon - Totaal tijdens het boekjaar (Mannen), Kosten, period_total
10332, social_balance_10332, Bedrag van de voordelen bovenop het loon - Totaal tijdens het boekjaar (Vrouwen), Kosten, period_total
1051, social_balance_1051, Aantal werknemers waarvoor de onderneming een DIMONA-verklaring heeft ingediend of die zijn ingeschreven in het algemeen personeelsregister op de afsluitingsdatum van het boekjaar - Voltijds, Aantal werknemers, end
1052, social_balance_1052, Aantal werknemers waarvoor de onderneming een DIMONA-verklaring heeft ingediend of die zijn ingeschreven in het algemeen personeelsregister op de afsluitingsdatum van het boekjaar - Deeltijds, Aantal werknemers, end
1053, social_balance_1053, Aantal werknemers waarvoor de onderneming een DIMONA-verklaring heeft ingediend of die zijn ingeschreven in het algemeen personeelsregister op de afsluitingsdatum van het boekjaar - Totaal in VTE, Aantal werknemers, end
1101, social_balance_1101, Aantal werknemers waarvoor de onderneming een DIMONA-verklaring heeft ingediend of die zijn ingeschreven in het algemeen personeelsregister op de afsluitingsdatum van het boekjaar - Overeenkomst voor een onbepaalde tijd (Voltijds), Aantal werknemers, end
1102, social_balance_1102, Aantal werknemers waarvoor de onderneming een DIMONA-verklaring heeft ingediend of die zijn ingeschreven in het algemeen personeelsregister op de afsluitingsdatum van het boekjaar - Overeenkomst voor een onbepaalde tijd (Deeltijds), Aantal werknemers, end
1103, social_balance_1103, Aantal werknemers waarvoor de onderneming een DIMONA-verklaring heeft ingediend of die zijn ingeschreven in het algemeen personeelsregister op de afsluitingsdatum van het boekjaar - Overeenkomst voor een onbepaalde tijd (Totaal in VTE), Aantal werknemers, end
1111, social_balance_1111, Aantal werknemers waarvoor de onderneming een DIMONA-verklaring heeft ingediend of die zijn ingeschreven in het algemeen personeelsregister op de afsluitingsdatum van het boekjaar - Overeenkomst voor een bepaalde tijd (Voltijds), Aantal werknemers, end
1112, social_balance_1112, Aantal werknemers waarvoor de onderneming een DIMONA-verklaring heeft ingediend of die zijn ingeschreven in het algemeen personeelsregister op de afsluitingsdatum van het boekjaar - Overeenkomst voor een bepaalde tijd (Deeltijds), Aantal werknemers, end
1113, social_balance_1113, Aantal werknemers waarvoor de onderneming een DIMONA-verklaring heeft ingediend of die zijn ingeschreven in het algemeen personeelsregister op de afsluitingsdatum van het boekjaar - Overeenkomst voor een bepaalde tijd (Totaal in VTE), Aantal werknemers, end
1121, social_balance_1121, Aantal werknemers waarvoor de onderneming een DIMONA-verklaring heeft ingediend of die zijn ingeschreven in het algemeen personeelsregister op de afsluitingsdatum van het boekjaar - Overeenkomst voor een duidelijk omschreven werk (Voltijds), Aantal werknemers, end
1122, social_balance_1122, Aantal werknemers waarvoor de onderneming een DIMONA-verklaring heeft ingediend of die zijn ingeschreven in het algemeen personeelsregister op de afsluitingsdatum van het boekjaar - Overeenkomst voor een duidelijk omschreven werk (Deeltijds), Aantal werknemers, end
1123, social_balance_1123, Aantal werknemers waarvoor de onderneming een DIMONA-verklaring heeft ingediend of die zijn ingeschreven in het algemeen personeelsregister op de afsluitingsdatum van het boekjaar - Overeenkomst voor een duidelijk omschreven werk (Totaal in VTE), Aantal werknemers, end
1131, social_balance_1131, Aantal werknemers waarvoor de onderneming een DIMONA-verklaring heeft ingediend of die zijn ingeschreven in het algemeen personeelsregister op de afsluitingsdatum van het boekjaar - Vervangingsovereenkomst (Voltijds), Aantal werknemers, end
1132, social_balance_1132, Aantal werknemers waarvoor de onderneming een DIMONA-verklaring heeft ingediend of die zijn ingeschreven in het algemeen personeelsregister op de afsluitingsdatum van het boekjaar - Vervangingsovereenkomst (Deeltijds), Aantal werknemers, end
1133, social_balance_1133, Aantal werknemers waarvoor de onderneming een DIMONA-verklaring heeft ingediend of die zijn ingeschreven in het algemeen personeelsregister op de afsluitingsdatum van het boekjaar - Vervangingsovereenkomst (Totaal in VTE), Aantal werknemers, end
1201, social_balance_1201, Aantal werknemers waarvoor de onderneming een DIMONA-verklaring heeft ingediend of die zijn ingeschreven in het algemeen personeelsregister op de afsluitingsdatum van het boekjaar - Mannen (Voltijds), Aantal werknemers, end
1202, social_balance_1202, Aantal werknemers waarvoor de onderneming een DIMONA-verklaring heeft ingediend of die zijn ingeschreven in het algemeen personeelsregister op de afsluitingsdatum van het boekjaar - Mannen (Deeltijds), Aantal werknemers, end
1203, social_balance_1203, Aantal werknemers waarvoor de onderneming een DIMONA-verklaring heeft ingediend of die zijn ingeschreven in het algemeen personeelsregister op de afsluitingsdatum van het boekjaar - Mannen (Totaal in VTE), Aantal werknemers, end
12001, social_balance_12001, Aantal werknemers waarvoor de onderneming een DIMONA-verklaring heeft ingediend of die zijn ingeschreven in het algemeen personeelsregister op de afsluitingsdatum van het boekjaar - Lager onderwijs (Mannen - Voltijds), Aantal werknemers, end
12002, social_balance_12002, Aantal werknemers waarvoor de onderneming een DIMONA-verklaring heeft ingediend of die zijn ingeschreven in het algemeen personeelsregister op de afsluitingsdatum van het boekjaar - Lager onderwijs (Mannen - Deeltijds), Aantal werknemers, end
12003, social_balance_12003, Aantal werknemers waarvoor de onderneming een DIMONA-verklaring heeft ingediend of die zijn ingeschreven in het algemeen personeelsregister op de afsluitingsdatum van het boekjaar - Lager onderwijs (Mannen - Totaal in VTE), Aantal werknemers, end
12011, social_balance_12011, Aantal werknemers waarvoor de onderneming een DIMONA-verklaring heeft ingediend of die zijn ingeschreven in het algemeen personeelsregister op de afsluitingsdatum van het boekjaar - Secundair onderwijs (Mannen - Voltijds), Aantal werknemers, end
12012, social_balance_12012, Aantal werknemers waarvoor de onderneming een DIMONA-verklaring heeft ingediend of die zijn ingeschreven in het algemeen personeelsregister op de afsluitingsdatum van het boekjaar - Secundair onderwijs (Mannen - Deeltijds), Aantal werknemers, end
12013, social_balance_12013, Aantal werknemers waarvoor de onderneming een DIMONA-verklaring heeft ingediend of die zijn ingeschreven in het algemeen personeelsregister op de afsluitingsdatum van het boekjaar - Secundair onderwijs (Mannen - Totaal in VTE), Aantal werknemers, end
12021, social_balance_12021, Aantal werknemers waarvoor de onderneming een DIMONA-verklaring heeft ingediend of die zijn ingeschreven in het algemeen personeelsregister op de afsluitingsdatum van het boekjaar - Hoger niet-universitair onderwijs (Mannen - Voltijds), Aantal werknemers, end
12022, social_balance_12022, Aantal werknemers waarvoor de onderneming een DIMONA-verklaring heeft ingediend of die zijn ingeschreven in het algemeen personeelsregister op de afsluitingsdatum van het boekjaar - Hoger niet-universitair onderwijs (Mannen - Deeltijds), Aantal werknemers, end
12023, social_balance_12023, Aantal werknemers waarvoor de onderneming een DIMONA-verklaring heeft ingediend of die zijn ingeschreven in het algemeen personeelsregister op de afsluitingsdatum van het boekjaar - Hoger niet-universitair onderwijs (Mannen - Totaal in VTE), Aantal werknemers, end
12031, social_balance_12031, Aantal werknemers waarvoor de onderneming een DIMONA-verklaring heeft ingediend of die zijn ingeschreven in het algemeen personeelsregister op de afsluitingsdatum van het boekjaar - Universitair onderwijs (Mannen - Voltijds), Aantal werknemers, end
12032, social_balance_12032, Aantal werknemers waarvoor de onderneming een DIMONA-verklaring heeft ingediend of die zijn ingeschreven in het algemeen personeelsregister op de afsluitingsdatum van het boekjaar - Universitair onderwijs (Mannen - Deeltijds), Aantal werknemers, end
12033, social_balance_12033, Aantal werknemers waarvoor de onderneming een DIMONA-verklaring heeft ingediend of die zijn ingeschreven in het algemeen personeelsregister op de afsluitingsdatum van het boekjaar - Universitair onderwijs (Mannen - Totaal in VTE), Aantal werknemers, end
1211, social_balance_1211, Aantal werknemers waarvoor de onderneming een DIMONA-verklaring heeft ingediend of die zijn ingeschreven in het algemeen personeelsregister op de afsluitingsdatum van het boekjaar - Vrouwen (Voltijds), Aantal werknemers, end
1212, social_balance_1212, Aantal werknemers waarvoor de onderneming een DIMONA-verklaring heeft ingediend of die zijn ingeschreven in het algemeen personeelsregister op de afsluitingsdatum van het boekjaar - Vrouwen (Deeltijds), Aantal werknemers, end
1213, social_balance_1213, Aantal werknemers waarvoor de onderneming een DIMONA-verklaring heeft ingediend of die zijn ingeschreven in het algemeen personeelsregister op de afsluitingsdatum van het boekjaar - Vrouwen (Totaal in VTE), Aantal werknemers, end
12101, social_balance_12101, Aantal werknemers waarvoor de onderneming een DIMONA-verklaring heeft ingediend of die zijn ingeschreven in het algemeen personeelsregister op de afsluitingsdatum van het boekjaar - Lager onderwijs (Vrouwen - Voltijds), Aantal werknemers, end
12102, social_balance_12102, Aantal werknemers waarvoor de onderneming een DIMONA-verklaring heeft ingediend of die zijn ingeschreven in het algemeen personeelsregister op de afsluitingsdatum van het boekjaar - Lager onderwijs (Vrouwen - Deeltijds), Aantal werknemers, end
12103, social_balance_12103, Aantal werknemers waarvoor de onderneming een DIMONA-verklaring heeft ingediend of die zijn ingeschreven in het algemeen personeelsregister op de afsluitingsdatum van het boekjaar - Lager onderwijs (Vrouwen - Totaal in VTE), Aantal werknemers, end
12111, social_balance_12111, Aantal werknemers waarvoor de onderneming een DIMONA-verklaring heeft ingediend of die zijn ingeschreven in het algemeen personeelsregister op de afsluitingsdatum van het boekjaar - Secundair onderwijs (Vrouwen - Voltijds), Aantal werknemers, end
12112, social_balance_12112, Aantal werknemers waarvoor de onderneming een DIMONA-verklaring heeft ingediend of die zijn ingeschreven in het algemeen personeelsregister op de afsluitingsdatum van het boekjaar - Secundair onderwijs (Vrouwen - Deeltijds), Aantal werknemers, end
12113, social_balance_12113, Aantal werknemers waarvoor de onderneming een DIMONA-verklaring heeft ingediend of die zijn ingeschreven in het algemeen personeelsregister op de afsluitingsdatum van het boekjaar - Secundair onderwijs (Vrouwen - Totaal in VTE), Aantal werknemers, end
12121, social_balance_12121, Aantal werknemers waarvoor de onderneming een DIMONA-verklaring heeft ingediend of die zijn ingeschreven in het algemeen personeelsregister op de afsluitingsdatum van het boekjaar - Hoger niet-universitair onderwijs (Vrouwen - Voltijds), Aantal werknemers, end
12122, social_balance_12122, Aantal werknemers waarvoor de onderneming een DIMONA-verklaring heeft ingediend of die zijn ingeschreven in het algemeen personeelsregister op de afsluitingsdatum van het boekjaar - Hoger niet-universitair onderwijs (Vrouwen - Deeltijds), Aantal werknemers, end
12123, social_balance_12123, Aantal werknemers waarvoor de onderneming een DIMONA-verklaring heeft ingediend of die zijn ingeschreven in het algemeen personeelsregister op de afsluitingsdatum van het boekjaar - Hoger niet-universitair onderwijs (Vrouwen - Totaal in VTE), Aantal werknemers, end
12131, social_balance_12131, Aantal werknemers waarvoor de onderneming een DIMONA-verklaring heeft ingediend of die zijn ingeschreven in het algemeen personeelsregister op de afsluitingsdatum van het boekjaar - Universitair onderwijs (Vrouwen - Voltijds), Aantal werknemers, end
12132, social_balance_12132, Aantal werknemers waarvoor de onderneming een DIMONA-verklaring heeft ingediend of die zijn ingeschreven in het algemeen personeelsregister op de afsluitingsdatum van het boekjaar - Universitair onderwijs (Vrouwen - Deeltijds), Aantal werknemers, end
12133, social_balance_12133, Aantal werknemers waarvoor de onderneming een DIMONA-verklaring heeft ingediend of die zijn ingeschreven in het algemeen personeelsregister op de afsluitingsdatum van het boekjaar - Universitair onderwijs (Vrouwen - Totaal in VTE), Aantal werknemers, end
1301, social_balance_1301, Aantal werknemers waarvoor de onderneming een DIMONA-verklaring heeft ingediend of die zijn ingeschreven in het algemeen personeelsregister op de afsluitingsdatum van het boekjaar - Directiepersoneel (Voltijds), Aantal werknemers, end
1302, social_balance_1302, Aantal werknemers waarvoor de onderneming een DIMONA-verklaring heeft ingediend of die zijn ingeschreven in het algemeen personeelsregister op de afsluitingsdatum van het boekjaar - Directiepersoneel (Deeltijds), Aantal werknemers, end
1303, social_balance_1303, Aantal werknemers waarvoor de onderneming een DIMONA-verklaring heeft ingediend of die zijn ingeschreven in het algemeen personeelsregister op de afsluitingsdatum van het boekjaar - Directiepersoneel (Totaal in VTE), Aantal werknemers, end
1341, social_balance_1341, Aantal werknemers waarvoor de onderneming een DIMONA-verklaring heeft ingediend of die zijn ingeschreven in het algemeen personeelsregister op de afsluitingsdatum van het boekjaar - Bedienden (Voltijds), Aantal werknemers, end
1342, social_balance_1342, Aantal werknemers waarvoor de onderneming een DIMONA-verklaring heeft ingediend of die zijn ingeschreven in het algemeen personeelsregister op de afsluitingsdatum van het boekjaar - Bedienden (Deeltijds), Aantal werknemers, end
1343, social_balance_1343, Aantal werknemers waarvoor de onderneming een DIMONA-verklaring heeft ingediend of die zijn ingeschreven in het algemeen personeelsregister op de afsluitingsdatum van het boekjaar - Bedienden (Totaal in VTE), Aantal werknemers, end
1321, social_balance_1321, Aantal werknemers waarvoor de onderneming een DIMONA-verklaring heeft ingediend of die zijn ingeschreven in het algemeen personeelsregister op de afsluitingsdatum van het boekjaar - Arbeiders (Voltijds), Aantal werknemers, end
1322, social_balance_1322, Aantal werknemers waarvoor de onderneming een DIMONA-verklaring heeft ingediend of die zijn ingeschreven in het algemeen personeelsregister op de afsluitingsdatum van het boekjaar - Arbeiders (Deeltijds), Aantal werknemers, end
1323, social_balance_1323, Aantal werknemers waarvoor de onderneming een DIMONA-verklaring heeft ingediend of die zijn ingeschreven in het algemeen personeelsregister op de afsluitingsdatum van het boekjaar - Arbeiders (Totaal in VTE), Aantal werknemers, end
1331, social_balance_1331, Aantal werknemers waarvoor de onderneming een DIMONA-verklaring heeft ingediend of die zijn ingeschreven in het algemeen personeelsregister op de afsluitingsdatum van het boekjaar - Andere (Voltijds), Aantal werknemers, end
1332, social_balance_1332, Aantal werknemers waarvoor de onderneming een DIMONA-verklaring heeft ingediend of die zijn ingeschreven in het algemeen personeelsregister op de afsluitingsdatum van het boekjaar - Andere (Deeltijds), Aantal werknemers, end
1333, social_balance_1333, Aantal werknemers waarvoor de onderneming een DIMONA-verklaring heeft ingediend of die zijn ingeschreven in het algemeen personeelsregister op de afsluitingsdatum van het boekjaar - Andere (Totaal in VTE), Aantal werknemers, end
1501, social_balance_1501, Uitzendkrachten - Gemiddeld aantal tewerkgestelde personen, Uitzendkrachten, period_avg
1502, social_balance_1502, Ter beschikking van de onderneming gestelde personen - Gemiddeld aantal tewerkgestelde personen, Uitzendkrachten, period_avg
1511, social_balance_1511, Uitzendkrachten - Aantal daadwerkelijk gepresteerde uren, Uitzendkrachten, period_total
1512, social_balance_1512, Ter beschikking van de onderneming gestelde personen - Aantal daadwerkelijk gepresteerde uren, Uitzendkrachten, period_total
1521, social_balance_1521, Uitzendkrachten - Kosten voor de onderneming, Uitzendkrachten, period_total
1522, social_balance_1522, Ter beschikking van de onderneming gestelde personen - Kosten voor de onderneming, Uitzendkrachten, period_total
2051, social_balance_2051, Aantal werknemers waarvoor de onderneming tijdens het boekjaar een DIMONA-verklaring heeft ingediend of die tijdens het boekjaar werden ingeschreven in het algemeen personeelsregister - Voltijds, Aantal werknemers, period_total
2052, social_balance_2052, Aantal werknemers waarvoor de onderneming tijdens het boekjaar een DIMONA-verklaring heeft ingediend of die tijdens het boekjaar werden ingeschreven in het algemeen personeelsregister - Deeltijds, Aantal werknemers, period_total
2053, social_balance_2053, Aantal werknemers waarvoor de onderneming tijdens het boekjaar een DIMONA-verklaring heeft ingediend of die tijdens het boekjaar werden ingeschreven in het algemeen personeelsregister - Totaal in VTE, Aantal werknemers, period_total
2101, social_balance_2101, Aantal werknemers waarvoor de onderneming tijdens het boekjaar een DIMONA-verklaring heeft ingediend of die tijdens het boekjaar werden ingeschreven in het algemeen personeelsregister - Overeenkomst voor een onbepaalde tijd (Voltijds), Aantal werknemers, period_total
2102, social_balance_2102, Aantal werknemers waarvoor de onderneming tijdens het boekjaar een DIMONA-verklaring heeft ingediend of die tijdens het boekjaar werden ingeschreven in het algemeen personeelsregister - Overeenkomst voor een onbepaalde tijd (Deeltijds), Aantal werknemers, period_total
2103, social_balance_2103, Aantal werknemers waarvoor de onderneming tijdens het boekjaar een DIMONA-verklaring heeft ingediend of die tijdens het boekjaar werden ingeschreven in het algemeen personeelsregister - Overeenkomst voor een onbepaalde tijd (Totaal in VTE), Aantal werknemers, period_total
2111, social_balance_2111, Aantal werknemers waarvoor de onderneming tijdens het boekjaar een DIMONA-verklaring heeft ingediend of die tijdens het boekjaar werden ingeschreven in het algemeen personeelsregister - Overeenkomst voor een bepaalde tijd (Voltijds), Aantal werknemers, period_total
2112, social_balance_2112, Aantal werknemers waarvoor de onderneming tijdens het boekjaar een DIMONA-verklaring heeft ingediend of die tijdens het boekjaar werden ingeschreven in het algemeen personeelsregister - Overeenkomst voor een bepaalde tijd (Deeltijds), Aantal werknemers, period_total
2113, social_balance_2113, Aantal werknemers waarvoor de onderneming tijdens het boekjaar een DIMONA-verklaring heeft ingediend of die tijdens het boekjaar werden ingeschreven in het algemeen personeelsregister - Overeenkomst voor een bepaalde tijd (Totaal in VTE), Aantal werknemers, period_total
2121, social_balance_2121, Aantal werknemers waarvoor de onderneming tijdens het boekjaar een DIMONA-verklaring heeft ingediend of die tijdens het boekjaar werden ingeschreven in het algemeen personeelsregister - Overeenkomst voor een duidelijk omschreven werk (Voltijds), Aantal werknemers, period_total
2122, social_balance_2122, Aantal werknemers waarvoor de onderneming tijdens het boekjaar een DIMONA-verklaring heeft ingediend of die tijdens het boekjaar werden ingeschreven in het algemeen personeelsregister - Overeenkomst voor een duidelijk omschreven werk (Deeltijds), Aantal werknemers, period_total
2123, social_balance_2123, Aantal werknemers waarvoor de onderneming tijdens het boekjaar een DIMONA-verklaring heeft ingediend of die tijdens het boekjaar werden ingeschreven in het algemeen personeelsregister - Overeenkomst voor een duidelijk omschreven werk (Totaal in VTE), Aantal werknemers, period_total
2131, social_balance_2131, Aantal werknemers waarvoor de onderneming tijdens het boekjaar een DIMONA-verklaring heeft ingediend of die tijdens het boekjaar werden ingeschreven in het algemeen personeelsregister - Vervangingsovereenkomst (Voltijds), Aantal werknemers, period_total
2132, social_balance_2132, Aantal werknemers waarvoor de onderneming tijdens het boekjaar een DIMONA-verklaring heeft ingediend of die tijdens het boekjaar werden ingeschreven in het algemeen personeelsregister - Vervangingsovereenkomst (Deeltijds), Aantal werknemers, period_total
2133, social_balance_2133, Aantal werknemers waarvoor de onderneming tijdens het boekjaar een DIMONA-verklaring heeft ingediend of die tijdens het boekjaar werden ingeschreven in het algemeen personeelsregister - Vervangingsovereenkomst (Totaal in VTE), Aantal werknemers, period_total
3051, social_balance_3051, Aantal werknemers met een in de DIMONA-verklaring aangegeven of een in het algemeen personeelsregister opgetekende datum waarop hun overeenkomst tijdens het boekjaar een einde nam - Voltijds, Aantal werknemers, period_total
3052, social_balance_3052, Aantal werknemers met een in de DIMONA-verklaring aangegeven of een in het algemeen personeelsregister opgetekende datum waarop hun overeenkomst tijdens het boekjaar een einde nam - Deeltijds, Aantal werknemers, period_total
3053, social_balance_3053, Aantal werknemers met een in de DIMONA-verklaring aangegeven of een in het algemeen personeelsregister opgetekende datum waarop hun overeenkomst tijdens het boekjaar een einde nam - Totaal in VTE, Aantal werknemers, period_total
3101, social_balance_3101, Aantal werknemers met een in de DIMONA-verklaring aangegeven of een in het algemeen personeelsregister opgetekende datum waarop hun overeenkomst tijdens het boekjaar een einde nam - Overeenkomst voor een onbepaalde tijd (Voltijds), Aantal werknemers, period_total
3102, social_balance_3102, Aantal werknemers met een in de DIMONA-verklaring aangegeven of een in het algemeen personeelsregister opgetekende datum waarop hun overeenkomst tijdens het boekjaar een einde nam - Overeenkomst voor een onbepaalde tijd (Deeltijds), Aantal werknemers, period_total
3103, social_balance_3103, Aantal werknemers met een in de DIMONA-verklaring aangegeven of een in het algemeen personeelsregister opgetekende datum waarop hun overeenkomst tijdens het boekjaar een einde nam - Overeenkomst voor een onbepaalde tijd (Totaal in VTE), Aantal werknemers, period_total
3111, social_balance_3111, Aantal werknemers met een in de DIMONA-verklaring aangegeven of een in het algemeen personeelsregister opgetekende datum waarop hun overeenkomst tijdens het boekjaar een einde nam - Overeenkomst voor een bepaalde tijd (Voltijds), Aantal werknemers, period_total
3112, social_balance_3112, Aantal werknemers met een in de DIMONA-verklaring aangegeven of een in het algemeen personeelsregister opgetekende datum waarop hun overeenkomst tijdens het boekjaar een einde nam - Overeenkomst voor een bepaalde tijd (Deeltijds), Aantal werknemers, period_total
3113, social_balance_3113, Aantal werknemers met een in de DIMONA-verklaring aangegeven of een in het algemeen personeelsregister opgetekende datum waarop hun overeenkomst tijdens het boekjaar een einde nam - Overeenkomst voor een bepaalde tijd (Totaal in VTE), Aantal werknemers, period_total
3121, social_balance_3121, Aantal werknemers met een in de DIMONA-verklaring aangegeven of een in het algemeen personeelsregister opgetekende datum waarop hun overeenkomst tijdens het boekjaar een einde nam - Overeenkomst voor een duidelijk omschreven werk (Voltijds), Aantal werknemers, period_total
3122, social_balance_3122, Aantal werknemers met een in de DIMONA-verklaring aangegeven of een in het algemeen personeelsregister opgetekende datum waarop hun overeenkomst tijdens het boekjaar een einde nam - Overeenkomst voor een duidelijk omschreven werk (Deeltijds), Aantal werknemers, period_total
3123, social_balance_3123, Aantal werknemers met een in de DIMONA-verklaring aangegeven of een in het algemeen personeelsregister opgetekende datum waarop hun overeenkomst tijdens het boekjaar een einde nam - Overeenkomst voor een duidelijk omschreven werk (Totaal in VTE), Aantal werknemers, period_total
3131, social_balance_3131, Aantal werknemers met een in de DIMONA-verklaring aangegeven of een in het algemeen personeelsregister opgetekende datum waarop hun overeenkomst tijdens het boekjaar een einde nam - Vervangingsovereenkomst (Voltijds), Aantal werknemers, period_total
3132, social_balance_3132, Aantal werknemers met een in de DIMONA-verklaring aangegeven of een in het algemeen personeelsregister opgetekende datum waarop hun overeenkomst tijdens het boekjaar een einde nam - Vervangingsovereenkomst (Deeltijds), Aantal werknemers, period_total
3133, social_balance_3133, Aantal werknemers met een in de DIMONA-verklaring aangegeven of een in het algemeen personeelsregister opgetekende datum waarop hun overeenkomst tijdens het boekjaar een einde nam - Vervangingsovereenkomst (Totaal in VTE), Aantal werknemers, period_total
3401, social_balance_3401, Aantal werknemers met een in de DIMONA-verklaring aangegeven of een in het algemeen personeelsregister opgetekende datum waarop hun overeenkomst tijdens het boekjaar een einde nam - Pensioen (Voltijds), Aantal werknemers, period_total
3402, social_balance_3402, Aantal werknemers met een in de DIMONA-verklaring aangegeven of een in het algemeen personeelsregister opgetekende datum waarop hun overeenkomst tijdens het boekjaar een einde nam - Pensioen (Deeltijds), Aantal werknemers, period_total
3403, social_balance_3403, Aantal werknemers met een in de DIMONA-verklaring aangegeven of een in het algemeen personeelsregister opgetekende datum waarop hun overeenkomst tijdens het boekjaar een einde nam - Pensioen (Totaal in VTE), Aantal werknemers, period_total
3411, social_balance_3411, Aantal werknemers met een in de DIMONA-verklaring aangegeven of een in het algemeen personeelsregister opgetekende datum waarop hun overeenkomst tijdens het boekjaar een einde nam - Werkloosheid met bedrijfstoeslag (Voltijds), Aantal werknemers, period_total
3412, social_balance_3412, Aantal werknemers met een in de DIMONA-verklaring aangegeven of een in het algemeen personeelsregister opgetekende datum waarop hun overeenkomst tijdens het boekjaar een einde nam - Werkloosheid met bedrijfstoeslag (Deeltijds), Aantal werknemers, period_total
3413, social_balance_3413, Aantal werknemers met een in de DIMONA-verklaring aangegeven of een in het algemeen personeelsregister opgetekende datum waarop hun overeenkomst tijdens het boekjaar een einde nam - Werkloosheid met bedrijfstoeslag (Totaal in VTE), Aantal werknemers, period_total
3421, social_balance_3421, Aantal werknemers met een in de DIMONA-verklaring aangegeven of een in het algemeen personeelsregister opgetekende datum waarop hun overeenkomst tijdens het boekjaar een einde nam - Afdanking (Voltijds), Aantal werknemers, period_total
3422, social_balance_3422, Aantal werknemers met een in de DIMONA-verklaring aangegeven of een in het algemeen personeelsregister opgetekende datum waarop hun overeenkomst tijdens het boekjaar een einde nam - Afdanking (Deeltijds), Aantal werknemers, period_total
3423, social_balance_3423, Aantal werknemers met een in de DIMONA-verklaring aangegeven of een in het algemeen personeelsregister opgetekende datum waarop hun overeenkomst tijdens het boekjaar een einde nam - Afdanking (Totaal in VTE), Aantal werknemers, period_total
3431, social_balance_3431, Aantal werknemers met een in de DIMONA-verklaring aangegeven of een in het algemeen personeelsregister opgetekende datum waarop hun overeenkomst tijdens het boekjaar een einde nam - Andere reden (Voltijds), Aantal werknemers, period_total
3432, social_balance_3432, Aantal werknemers met een in de DIMONA-verklaring aangegeven of een in het algemeen personeelsregister opgetekende datum waarop hun overeenkomst tijdens het boekjaar een einde nam - Andere reden (Deeltijds), Aantal werknemers, period_total
3433, social_balance_3433, Aantal werknemers met een in de DIMONA-verklaring aangegeven of een in het algemeen personeelsregister opgetekende datum waarop hun overeenkomst tijdens het boekjaar een einde nam - Andere reden (Totaal in VTE), Aantal werknemers, period_total
3501, social_balance_3501, Aantal werknemers dat als zelfstandige ten minste op halftijdse basis diensten blijft verlenen aan de onderneming - Voltijds, Aantal werknemers, period_total
3502, social_balance_3502, Aantal werknemers dat als zelfstandige ten minste op halftijdse basis diensten blijft verlenen aan de onderneming - Deeltijds, Aantal werknemers, period_total
3503, social_balance_3503, Aantal werknemers dat als zelfstandige ten minste op halftijdse basis diensten blijft verlenen aan de onderneming - Totaal in VTE, Aantal werknemers, period_total
5801, social_balance_5801, Totaal van de formele voortgezette beroepsopleidingsinitiatieven ten laste van de werkgever - Aantal betrokken werknemers (Mannen), Opleidingen, period_total
5802, social_balance_5802, Totaal van de formele voortgezette beroepsopleidingsinitiatieven ten laste van de werkgever - Aantal gevolgde opleidingsuren (Mannen), Opleidingen, period_total
5803, social_balance_5803, Totaal van de formele voortgezette beroepsopleidingsinitiatieven ten laste van de werkgever - Nettokosten voor de onderneming (Mannen), Opleidingen, period_total
5811, social_balance_5811, Totaal van de formele voortgezette beroepsopleidingsinitiatieven ten laste van de werkgever - Aantal betrokken werknemers (Vrouwen), Opleidingen, period_total
5812, social_balance_5812, Totaal van de formele voortgezette beroepsopleidingsinitiatieven ten laste van de werkgever - Aantal gevolgde opleidingsuren (Vrouwen), Opleidingen, period_total
5813, social_balance_5813, Totaal van de formele voortgezette beroepsopleidingsinitiatieven ten laste van de werkgever - Kosten voor de onderneming (Vrouwen), Opleidingen, period_total
5821, social_balance_5821, Totaal van de minder formele en informele voortgezette beroepsopleidingsinitiatieven ten laste van de werkgever - Aantal betrokken werknemers (Mannen), Opleidingen, period_total
5822, social_balance_5822, Totaal van de minder formele en informele voortgezette beroepsopleidingsinitiatieven ten laste van de werkgever - Aantal gevolgde opleidingsuren (Mannen), Opleidingen, period_total
5823, social_balance_5823, Totaal van de minder formele en informele voortgezette beroepsopleidingsinitiatieven ten laste van de werkgever - Nettokosten voor de onderneming (Mannen), Opleidingen, period_total
5831, social_balance_5831, Totaal van de minder formele en informele voortgezette beroepsopleidingsinitiatieven ten laste van de werkgever - Aantal betrokken werknemers (Vrouwen), Opleidingen, period_total
5832, social_balance_5832, Totaal van de minder formele en informele voortgezette beroepsopleidingsinitiatieven ten laste van de werkgever - Aantal gevolgde opleidingsuren (Vrouwen), Opleidingen, period_total
5833, social_balance_5833, Totaal van de minder formele en informele voortgezette beroepsopleidingsinitiatieven ten laste van de werkgever - Nettokosten voor de onderneming (Vrouwen), Opleidingen, period_total
5841, social_balance_5841, Totaal van de initiële beroepsopleidingsinitiatieven ten laste van de werkgever - Aantal betrokken werknemers (Mannen), Opleidingen, period_total
5842, social_balance_5842, Totaal van de initiële beroepsopleidingsinitiatieven ten laste van de werkgever - Aantal gevolgde opleidingsuren (Mannen), Opleidingen, period_total
5843, social_balance_5843, Totaal van de initiële beroepsopleidingsinitiatieven ten laste van de werkgever - Nettokosten voor de onderneming (Mannen), Opleidingen, period_total
5851, social_balance_5851, Totaal van de initiële beroepsopleidingsinitiatieven ten laste van de werkgever - Aantal betrokken werknemers (Vrouwen), Opleidingen, period_total
5852, social_balance_5852, Totaal van de initiële beroepsopleidingsinitiatieven ten laste van de werkgever - Aantal gevolgde opleidingsuren (Vrouwen), Opleidingen, period_total
5853, social_balance_5853, Totaal van de initiële beroepsopleidingsinitiatieven ten laste van de werkgever - Nettokosten voor de onderneming (Vrouwen), Opleidingen, period_total
58031, social_balance_58031, Totaal van de formele voortgezette beroepsopleidingsinitiatieven ten laste van de werkgever - Brutokosten rechtstreeks verbonden met de opleiding (Mannen), Opleidingen, period_total
58032, social_balance_58032, Totaal van de formele voortgezette beroepsopleidingsinitiatieven ten laste van de werkgever - Betaalde bijdragen en stortingen aan collectieve fondsen (Mannen), Opleidingen, period_total
58033, social_balance_58033, Totaal van de formele voortgezette beroepsopleidingsinitiatieven ten laste van de werkgever - Ontvangen tegemoetkomingen (Mannen), Opleidingen, period_total
58131, social_balance_58131, Totaal van de formele voortgezette beroepsopleidingsinitiatieven ten laste van de werkgever - Brutokosten rechtstreeks verbonden met de opleiding (Vrouwen), Opleidingen, period_total
58132, social_balance_58132, Totaal van de formele voortgezette beroepsopleidingsinitiatieven ten laste van de werkgever - Betaalde bijdragen en stortingen aan collectieve fondsen (Vrouwen), Opleidingen, period_total
58133, social_balance_58133, Totaal van de formele voortgezette beroepsopleidingsinitiatieven ten laste van de werkgever - Ontvangen tegemoetkomingen (Vrouwen), Opleidingen, period_total